{
  "person_id": 1,
  "name": "Carlos Duffy",
  "stage_name": null,
  "nodes": [
    {
      "id": "song:16180",
      "song_id": 16180,
      "title": "Siege of Barcelona's Twilight",
      "genre": "Oceanus Folk",
      "notable": true,
      "release_year": 2023,
      "single": false,
      "own": true,
      "artist_id": 1,
      "artist_name": "Carlos Duffy",
      "influence": 0,
      "influence_breakdown": {
        "cover": 0,
        "sample": 0,
        "reference": 0,
        "style": 0
      },
      "relation_types": []
    },
    {
      "id": "song:0",
      "song_id": 0,
      "title": "Breaking These Chains",
      "genre": "Oceanus Folk",
      "notable": true,
      "release_year": 2017,
      "single": true,
      "own": true,
      "artist_id": 1,
      "artist_name": "Carlos Duffy",
      "influence": 0,
      "influence_breakdown": {
        "cover": 0,
        "sample": 0,
        "reference": 0,
        "style": 0
      },
      "relation_types": []
    }
  ],
  "links": []
}