{
  "person_id": 10007,
  "name": "Jie Han",
  "stage_name": null,
  "nodes": [
    {
      "id": "song:10004",
      "song_id": 10004,
      "title": "Prayers Between Generations",
      "genre": "Symphonic Metal",
      "notable": true,
      "release_year": 2026,
      "single": true,
      "own": true,
      "artist_id": 10007,
      "artist_name": "Jie Han",
      "influence": 3,
      "influence_breakdown": {
        "cover": 0,
        "sample": 0,
        "reference": 1,
        "style": 0
      },
      "relation_types": []
    },
    {
      "id": "song:15210",
      "song_id": 15210,
      "title": "Escape Route",
      "genre": "Jazz Surf Rock",
      "notable": true,
      "release_year": 2027,
      "single": true,
      "own": false,
      "artist_id": 5038,
      "artist_name": "Min He",
      "influence": 0,
      "influence_breakdown": {
        "cover": 0,
        "sample": 0,
        "reference": 0,
        "style": 0
      },
      "relation_types": [
        "InterpolatesFrom"
      ]
    }
  ],
  "links": [
    {
      "source": "song:15210",
      "target": "song:10004",
      "type": "InterpolatesFrom"
    }
  ]
}