{
  "person_id": 10030,
  "name": "Tao Xia",
  "stage_name": null,
  "nodes": [
    {
      "id": "song:10023",
      "song_id": 10023,
      "title": "Sleeping Vengeance",
      "genre": "Dream Pop",
      "notable": true,
      "release_year": 2026,
      "single": true,
      "own": true,
      "artist_id": 10030,
      "artist_name": "Tao Xia",
      "influence": 0,
      "influence_breakdown": {
        "cover": 0,
        "sample": 0,
        "reference": 0,
        "style": 0
      },
      "relation_types": []
    }
  ],
  "links": []
}