{
  "person_id": 10069,
  "name": "Rosmarie Losekann",
  "stage_name": null,
  "nodes": [
    {
      "id": "song:10068",
      "song_id": 10068,
      "title": "Whispers of Broken Moments",
      "genre": "Doom Metal",
      "notable": true,
      "release_year": 2010,
      "single": false,
      "own": true,
      "artist_id": 10069,
      "artist_name": "Rosmarie Losekann",
      "influence": 0,
      "influence_breakdown": {
        "cover": 0,
        "sample": 0,
        "reference": 0,
        "style": 0
      },
      "relation_types": []
    }
  ],
  "links": []
}