{
  "person_id": 10073,
  "name": "Maurice Lacroix",
  "stage_name": null,
  "nodes": [
    {
      "id": "song:10071",
      "song_id": 10071,
      "title": "Shadows of Unbearable Silence",
      "genre": "Dream Pop",
      "notable": true,
      "release_year": 2027,
      "single": false,
      "own": true,
      "artist_id": 10073,
      "artist_name": "Maurice Lacroix",
      "influence": 0,
      "influence_breakdown": {
        "cover": 0,
        "sample": 0,
        "reference": 0,
        "style": 0
      },
      "relation_types": []
    }
  ],
  "links": []
}