{
  "person_id": 10079,
  "name": "Tao Xiang",
  "stage_name": null,
  "nodes": [
    {
      "id": "song:10075",
      "song_id": 10075,
      "title": "Echoes of Unspoken Grief",
      "genre": "Darkwave",
      "notable": true,
      "release_year": 2026,
      "single": true,
      "own": true,
      "artist_id": 10079,
      "artist_name": "Tao Xiang",
      "influence": 2,
      "influence_breakdown": {
        "cover": 0,
        "sample": 0,
        "reference": 0,
        "style": 1
      },
      "relation_types": []
    },
    {
      "id": "song:4821",
      "song_id": 4821,
      "title": "Single-Handed Horizon",
      "genre": "Dream Pop",
      "notable": true,
      "release_year": 2028,
      "single": true,
      "own": false,
      "artist_id": 4822,
      "artist_name": "John Rivera (Hollow Reverberation)",
      "influence": 0,
      "influence_breakdown": {
        "cover": 0,
        "sample": 0,
        "reference": 0,
        "style": 0
      },
      "relation_types": [
        "InStyleOf"
      ]
    }
  ],
  "links": [
    {
      "source": "song:4821",
      "target": "song:10075",
      "type": "InStyleOf"
    }
  ]
}