{
  "person_id": 10093,
  "name": "William de la Valentin",
  "stage_name": null,
  "nodes": [
    {
      "id": "song:10091",
      "song_id": 10091,
      "title": "Whispers of the Wild",
      "genre": "Indie Rock",
      "notable": true,
      "release_year": 2000,
      "single": true,
      "own": true,
      "artist_id": 10093,
      "artist_name": "William de la Valentin",
      "influence": 0,
      "influence_breakdown": {
        "cover": 0,
        "sample": 0,
        "reference": 0,
        "style": 0
      },
      "relation_types": []
    }
  ],
  "links": []
}