{
  "person_id": 10103,
  "name": "Yan Yao",
  "stage_name": null,
  "nodes": [
    {
      "id": "song:10102",
      "song_id": 10102,
      "title": "Harmony in Green",
      "genre": "Americana",
      "notable": true,
      "release_year": 2026,
      "single": true,
      "own": true,
      "artist_id": 10103,
      "artist_name": "Yan Yao",
      "influence": 5,
      "influence_breakdown": {
        "cover": 1,
        "sample": 0,
        "reference": 0,
        "style": 0
      },
      "relation_types": []
    },
    {
      "id": "song:10806",
      "song_id": 10806,
      "title": "Mechanical Heartbeat",
      "genre": "Jazz Surf Rock",
      "notable": true,
      "release_year": 2027,
      "single": false,
      "own": false,
      "artist_id": 10807,
      "artist_name": "Ping Cheng",
      "influence": 0,
      "influence_breakdown": {
        "cover": 0,
        "sample": 0,
        "reference": 0,
        "style": 0
      },
      "relation_types": [
        "CoverOf"
      ]
    }
  ],
  "links": [
    {
      "source": "song:10806",
      "target": "song:10102",
      "type": "CoverOf"
    }
  ]
}