{
  "person_id": 10118,
  "name": "Miss Kathleen Price",
  "stage_name": null,
  "nodes": [
    {
      "id": "song:10116",
      "song_id": 10116,
      "title": "Gateway to Infinity",
      "genre": "Synthwave",
      "notable": true,
      "release_year": 2020,
      "single": true,
      "own": true,
      "artist_id": 10118,
      "artist_name": "Miss Kathleen Price",
      "influence": 3,
      "influence_breakdown": {
        "cover": 0,
        "sample": 0,
        "reference": 1,
        "style": 0
      },
      "relation_types": []
    },
    {
      "id": "song:15394",
      "song_id": 15394,
      "title": "Whispers in the Meadow Green",
      "genre": "Synthwave",
      "notable": true,
      "release_year": 2022,
      "single": true,
      "own": false,
      "artist_id": 1255,
      "artist_name": "Xiulan Hao",
      "influence": 0,
      "influence_breakdown": {
        "cover": 0,
        "sample": 0,
        "reference": 0,
        "style": 0
      },
      "relation_types": [
        "LyricalReferenceTo"
      ]
    }
  ],
  "links": [
    {
      "source": "song:15394",
      "target": "song:10116",
      "type": "LyricalReferenceTo"
    }
  ]
}