{
  "person_id": 10123,
  "name": "Larry Mendez",
  "stage_name": null,
  "nodes": [
    {
      "id": "song:10121",
      "song_id": 10121,
      "title": "Consume and Crave",
      "genre": "Lo-Fi Electronica",
      "notable": true,
      "release_year": 2007,
      "single": true,
      "own": true,
      "artist_id": 10123,
      "artist_name": "Larry Mendez",
      "influence": 11,
      "influence_breakdown": {
        "cover": 0,
        "sample": 1,
        "reference": 1,
        "style": 2
      },
      "relation_types": []
    },
    {
      "id": "song:1466",
      "song_id": 1466,
      "title": "Waterlogged Memories",
      "genre": "Lo-Fi Electronica",
      "notable": true,
      "release_year": 2015,
      "single": false,
      "own": false,
      "artist_id": 1467,
      "artist_name": "Yan Long",
      "influence": 0,
      "influence_breakdown": {
        "cover": 0,
        "sample": 0,
        "reference": 0,
        "style": 0
      },
      "relation_types": [
        "LyricalReferenceTo"
      ]
    },
    {
      "id": "song:4316",
      "song_id": 4316,
      "title": "Otra oportunidad (Another chance)",
      "genre": "Lo-Fi Electronica",
      "notable": true,
      "release_year": 2011,
      "single": true,
      "own": false,
      "artist_id": 4317,
      "artist_name": "Juan Ding",
      "influence": 0,
      "influence_breakdown": {
        "cover": 0,
        "sample": 0,
        "reference": 0,
        "style": 0
      },
      "relation_types": [
        "InStyleOf"
      ]
    },
    {
      "id": "song:5643",
      "song_id": 5643,
      "title": "Farewell, My Heartache",
      "genre": "Lo-Fi Electronica",
      "notable": true,
      "release_year": 2011,
      "single": true,
      "own": false,
      "artist_id": 5644,
      "artist_name": "Li Zhang",
      "influence": 0,
      "influence_breakdown": {
        "cover": 0,
        "sample": 0,
        "reference": 0,
        "style": 0
      },
      "relation_types": [
        "DirectlySamples"
      ]
    },
    {
      "id": "song:15570",
      "song_id": 15570,
      "title": "Philosopher's Midnight Experiment",
      "genre": "Lo-Fi Electronica",
      "notable": true,
      "release_year": 2014,
      "single": true,
      "own": false,
      "artist_id": 5645,
      "artist_name": "Wei Zhao",
      "influence": 0,
      "influence_breakdown": {
        "cover": 0,
        "sample": 0,
        "reference": 0,
        "style": 0
      },
      "relation_types": [
        "InStyleOf"
      ]
    }
  ],
  "links": [
    {
      "source": "song:1466",
      "target": "song:10121",
      "type": "LyricalReferenceTo"
    },
    {
      "source": "song:15570",
      "target": "song:10121",
      "type": "InStyleOf"
    },
    {
      "source": "song:4316",
      "target": "song:10121",
      "type": "InStyleOf"
    },
    {
      "source": "song:5643",
      "target": "song:10121",
      "type": "DirectlySamples"
    }
  ]
}