{
  "person_id": 10139,
  "name": "Melissa Warren",
  "stage_name": null,
  "nodes": [
    {
      "id": "song:10138",
      "song_id": 10138,
      "title": "Wishes in the Moment",
      "genre": "Doom Metal",
      "notable": true,
      "release_year": 2026,
      "single": true,
      "own": true,
      "artist_id": 10139,
      "artist_name": "Melissa Warren",
      "influence": 0,
      "influence_breakdown": {
        "cover": 0,
        "sample": 0,
        "reference": 0,
        "style": 0
      },
      "relation_types": []
    },
    {
      "id": "song:11997",
      "song_id": 11997,
      "title": "The Man Who Died Twice",
      "genre": "Doom Metal",
      "notable": true,
      "release_year": 2023,
      "single": true,
      "own": true,
      "artist_id": 10139,
      "artist_name": "Melissa Warren",
      "influence": 0,
      "influence_breakdown": {
        "cover": 0,
        "sample": 0,
        "reference": 0,
        "style": 0
      },
      "relation_types": []
    }
  ],
  "links": []
}