{
  "person_id": 1013,
  "name": "Lei Wei",
  "stage_name": null,
  "nodes": [
    {
      "id": "song:5392",
      "song_id": 5392,
      "title": "Postcards from the City I Left Behind",
      "genre": "Synthpop",
      "notable": true,
      "release_year": 2016,
      "single": true,
      "own": true,
      "artist_id": 1013,
      "artist_name": "Lei Wei",
      "influence": 3,
      "influence_breakdown": {
        "cover": 0,
        "sample": 0,
        "reference": 1,
        "style": 0
      },
      "relation_types": []
    },
    {
      "id": "song:7278",
      "song_id": 7278,
      "title": "Requiem for a Fading Self",
      "genre": "Synthwave",
      "notable": true,
      "release_year": 2022,
      "single": true,
      "own": false,
      "artist_id": 7279,
      "artist_name": "Keith Larsen",
      "influence": 0,
      "influence_breakdown": {
        "cover": 0,
        "sample": 0,
        "reference": 0,
        "style": 0
      },
      "relation_types": [
        "InterpolatesFrom"
      ]
    }
  ],
  "links": [
    {
      "source": "song:7278",
      "target": "song:5392",
      "type": "InterpolatesFrom"
    }
  ]
}