{
  "person_id": 10151,
  "name": "Emily Campos",
  "stage_name": null,
  "nodes": [
    {
      "id": "song:10150",
      "song_id": 10150,
      "title": "Chromatic Sorrow",
      "genre": "Alternative Rock",
      "notable": true,
      "release_year": 1997,
      "single": false,
      "own": true,
      "artist_id": 10151,
      "artist_name": "Emily Campos",
      "influence": 0,
      "influence_breakdown": {
        "cover": 0,
        "sample": 0,
        "reference": 0,
        "style": 0
      },
      "relation_types": []
    }
  ],
  "links": []
}