{
  "person_id": 10157,
  "name": "Isaac Huet du Cousin",
  "stage_name": null,
  "nodes": [
    {
      "id": "song:10156",
      "song_id": 10156,
      "title": "Woodland's Soft Luminescence",
      "genre": "Indie Folk",
      "notable": true,
      "release_year": 2023,
      "single": false,
      "own": true,
      "artist_id": 10157,
      "artist_name": "Isaac Huet du Cousin",
      "influence": 0,
      "influence_breakdown": {
        "cover": 0,
        "sample": 0,
        "reference": 0,
        "style": 0
      },
      "relation_types": []
    }
  ],
  "links": []
}