{
  "person_id": 10163,
  "name": "Qiang Gong",
  "stage_name": null,
  "nodes": [
    {
      "id": "song:10160",
      "song_id": 10160,
      "title": "Morning's Hallucinogenic Feast",
      "genre": "Indie Folk",
      "notable": true,
      "release_year": 2028,
      "single": false,
      "own": true,
      "artist_id": 10163,
      "artist_name": "Qiang Gong",
      "influence": 0,
      "influence_breakdown": {
        "cover": 0,
        "sample": 0,
        "reference": 0,
        "style": 0
      },
      "relation_types": []
    }
  ],
  "links": []
}