{
  "person_id": 10167,
  "name": "Min Kang",
  "stage_name": null,
  "nodes": [
    {
      "id": "song:10165",
      "song_id": 10165,
      "title": "Lysergic Toast and Jam",
      "genre": "Synthwave",
      "notable": true,
      "release_year": 2029,
      "single": true,
      "own": true,
      "artist_id": 10167,
      "artist_name": "Min Kang",
      "influence": 0,
      "influence_breakdown": {
        "cover": 0,
        "sample": 0,
        "reference": 0,
        "style": 0
      },
      "relation_types": []
    }
  ],
  "links": []
}