{
  "person_id": 10178,
  "name": "Ming Kang",
  "stage_name": null,
  "nodes": [
    {
      "id": "song:10175",
      "song_id": 10175,
      "title": "The Cycle Never Breaks",
      "genre": "Doom Metal",
      "notable": true,
      "release_year": 2028,
      "single": true,
      "own": true,
      "artist_id": 10178,
      "artist_name": "Ming Kang",
      "influence": 0,
      "influence_breakdown": {
        "cover": 0,
        "sample": 0,
        "reference": 0,
        "style": 0
      },
      "relation_types": []
    }
  ],
  "links": []
}