{
  "person_id": 10188,
  "name": "Lisa Miller",
  "stage_name": null,
  "nodes": [
    {
      "id": "song:10185",
      "song_id": 10185,
      "title": "Le Chemin des Mélodies",
      "genre": "Dream Pop",
      "notable": true,
      "release_year": 2026,
      "single": true,
      "own": true,
      "artist_id": 10188,
      "artist_name": "Lisa Miller",
      "influence": 8,
      "influence_breakdown": {
        "cover": 1,
        "sample": 0,
        "reference": 1,
        "style": 0
      },
      "relation_types": []
    },
    {
      "id": "song:12794",
      "song_id": 12794,
      "title": "Ink-Stained Memories",
      "genre": "Dream Pop",
      "notable": true,
      "release_year": 2021,
      "single": true,
      "own": true,
      "artist_id": 10188,
      "artist_name": "Lisa Miller",
      "influence": 16,
      "influence_breakdown": {
        "cover": 0,
        "sample": 0,
        "reference": 4,
        "style": 2
      },
      "relation_types": []
    },
    {
      "id": "song:3174",
      "song_id": 3174,
      "title": "Intertwined Free Fall",
      "genre": "Dream Pop",
      "notable": true,
      "release_year": 2029,
      "single": true,
      "own": false,
      "artist_id": 3176,
      "artist_name": "Christine Gonzales",
      "influence": 0,
      "influence_breakdown": {
        "cover": 0,
        "sample": 0,
        "reference": 0,
        "style": 0
      },
      "relation_types": [
        "CoverOf",
        "LyricalReferenceTo"
      ]
    },
    {
      "id": "song:7374",
      "song_id": 7374,
      "title": "Peak Performance",
      "genre": "Dream Pop",
      "notable": true,
      "release_year": 2028,
      "single": true,
      "own": false,
      "artist_id": 3176,
      "artist_name": "Christine Gonzales",
      "influence": 0,
      "influence_breakdown": {
        "cover": 0,
        "sample": 0,
        "reference": 0,
        "style": 0
      },
      "relation_types": [
        "InStyleOf",
        "LyricalReferenceTo"
      ]
    },
    {
      "id": "song:3237",
      "song_id": 3237,
      "title": "Warriors of the Checkered Shield",
      "genre": "Psychedelic Rock",
      "notable": true,
      "release_year": 2024,
      "single": true,
      "own": false,
      "artist_id": 3176,
      "artist_name": "Christine Gonzales",
      "influence": 0,
      "influence_breakdown": {
        "cover": 0,
        "sample": 0,
        "reference": 0,
        "style": 0
      },
      "relation_types": [
        "InterpolatesFrom"
      ]
    },
    {
      "id": "song:8182",
      "song_id": 8182,
      "title": "The Faceless Legion",
      "genre": "Dream Pop",
      "notable": true,
      "release_year": 2029,
      "single": false,
      "own": false,
      "artist_id": 8185,
      "artist_name": "Corrado Chinnici-Ferrabosco",
      "influence": 0,
      "influence_breakdown": {
        "cover": 0,
        "sample": 0,
        "reference": 0,
        "style": 0
      },
      "relation_types": [
        "LyricalReferenceTo"
      ]
    },
    {
      "id": "song:14715",
      "song_id": 14715,
      "title": "Musical Respite",
      "genre": "Psychedelic Rock",
      "notable": true,
      "release_year": 2026,
      "single": false,
      "own": false,
      "artist_id": 14716,
      "artist_name": "Tyler Case ( Raven Cross)",
      "influence": 0,
      "influence_breakdown": {
        "cover": 0,
        "sample": 0,
        "reference": 0,
        "style": 0
      },
      "relation_types": [
        "InterpolatesFrom"
      ]
    }
  ],
  "links": [
    {
      "source": "song:3174",
      "target": "song:10185",
      "type": "CoverOf"
    },
    {
      "source": "song:3174",
      "target": "song:12794",
      "type": "LyricalReferenceTo"
    },
    {
      "source": "song:10185",
      "target": "song:12794",
      "type": "InStyleOf"
    },
    {
      "source": "song:7374",
      "target": "song:12794",
      "type": "InStyleOf"
    },
    {
      "source": "song:3237",
      "target": "song:12794",
      "type": "InterpolatesFrom"
    },
    {
      "source": "song:7374",
      "target": "song:10185",
      "type": "LyricalReferenceTo"
    },
    {
      "source": "song:14715",
      "target": "song:12794",
      "type": "InterpolatesFrom"
    },
    {
      "source": "song:8182",
      "target": "song:12794",
      "type": "LyricalReferenceTo"
    }
  ]
}