{
  "person_id": 10203,
  "name": "Yang Dong",
  "stage_name": null,
  "nodes": [
    {
      "id": "song:10201",
      "song_id": 10201,
      "title": "Prescriptions from the Borderlands",
      "genre": "Indie Folk",
      "notable": true,
      "release_year": 2023,
      "single": true,
      "own": true,
      "artist_id": 10203,
      "artist_name": "Yang Dong",
      "influence": 0,
      "influence_breakdown": {
        "cover": 0,
        "sample": 0,
        "reference": 0,
        "style": 0
      },
      "relation_types": []
    }
  ],
  "links": []
}