{
  "person_id": 10216,
  "name": "Gang Sun",
  "stage_name": null,
  "nodes": [
    {
      "id": "song:10215",
      "song_id": 10215,
      "title": "Whispers Across the Water",
      "genre": "Dream Pop",
      "notable": true,
      "release_year": 2026,
      "single": true,
      "own": true,
      "artist_id": 10216,
      "artist_name": "Gang Sun",
      "influence": 0,
      "influence_breakdown": {
        "cover": 0,
        "sample": 0,
        "reference": 0,
        "style": 0
      },
      "relation_types": []
    }
  ],
  "links": []
}