{
  "person_id": 10225,
  "name": "Jie Wang",
  "stage_name": null,
  "nodes": [
    {
      "id": "song:10222",
      "song_id": 10222,
      "title": "River's Call, Charlie's Path",
      "genre": "Dream Pop",
      "notable": true,
      "release_year": 2020,
      "single": true,
      "own": true,
      "artist_id": 10225,
      "artist_name": "Jie Wang",
      "influence": 0,
      "influence_breakdown": {
        "cover": 0,
        "sample": 0,
        "reference": 0,
        "style": 0
      },
      "relation_types": []
    }
  ],
  "links": []
}