{
  "person_id": 10223,
  "name": "Lei Lu",
  "stage_name": null,
  "nodes": [
    {
      "id": "song:10222",
      "song_id": 10222,
      "title": "River's Call, Charlie's Path",
      "genre": "Dream Pop",
      "notable": true,
      "release_year": 2020,
      "single": true,
      "own": true,
      "artist_id": 10223,
      "artist_name": "Lei Lu",
      "influence": 0,
      "influence_breakdown": {
        "cover": 0,
        "sample": 0,
        "reference": 0,
        "style": 0
      },
      "relation_types": []
    },
    {
      "id": "song:15699",
      "song_id": 15699,
      "title": "Chamber of Secrets: A Musical Dialogue",
      "genre": "Indie Folk",
      "notable": true,
      "release_year": 2026,
      "single": false,
      "own": true,
      "artist_id": 10223,
      "artist_name": "Lei Lu",
      "influence": 5,
      "influence_breakdown": {
        "cover": 1,
        "sample": 0,
        "reference": 0,
        "style": 0
      },
      "relation_types": []
    },
    {
      "id": "song:16522",
      "song_id": 16522,
      "title": "Puncture Point",
      "genre": "Doom Metal",
      "notable": true,
      "release_year": 2029,
      "single": true,
      "own": true,
      "artist_id": 10223,
      "artist_name": "Lei Lu",
      "influence": 0,
      "influence_breakdown": {
        "cover": 0,
        "sample": 0,
        "reference": 0,
        "style": 0
      },
      "relation_types": []
    },
    {
      "id": "song:16522",
      "song_id": 16522,
      "title": "Puncture Point",
      "genre": "Doom Metal",
      "notable": true,
      "release_year": 2029,
      "single": true,
      "own": false,
      "artist_id": 10224,
      "artist_name": "Xia Song",
      "influence": 0,
      "influence_breakdown": {
        "cover": 0,
        "sample": 0,
        "reference": 0,
        "style": 0
      },
      "relation_types": [
        "CoverOf"
      ]
    }
  ],
  "links": [
    {
      "source": "song:16522",
      "target": "song:15699",
      "type": "CoverOf"
    }
  ]
}