{
  "person_id": 10231,
  "name": "James Williams",
  "stage_name": null,
  "nodes": [
    {
      "id": "song:10229",
      "song_id": 10229,
      "title": "Melodier för Röst och Klavér",
      "genre": "Speed Metal",
      "notable": true,
      "release_year": 2017,
      "single": true,
      "own": true,
      "artist_id": 10231,
      "artist_name": "James Williams",
      "influence": 0,
      "influence_breakdown": {
        "cover": 0,
        "sample": 0,
        "reference": 0,
        "style": 0
      },
      "relation_types": []
    }
  ],
  "links": []
}