{
  "person_id": 10242,
  "name": "Xiuying Kang",
  "stage_name": null,
  "nodes": [
    {
      "id": "song:10241",
      "song_id": 10241,
      "title": "Keyboard Whispers",
      "genre": "Indie Folk",
      "notable": true,
      "release_year": 2023,
      "single": true,
      "own": true,
      "artist_id": 10242,
      "artist_name": "Xiuying Kang",
      "influence": 0,
      "influence_breakdown": {
        "cover": 0,
        "sample": 0,
        "reference": 0,
        "style": 0
      },
      "relation_types": []
    }
  ],
  "links": []
}