{
  "person_id": 10286,
  "name": "Michael Perez",
  "stage_name": null,
  "nodes": [
    {
      "id": "song:10283",
      "song_id": 10283,
      "title": "Windmill's Whisper",
      "genre": "Indie Folk",
      "notable": true,
      "release_year": 2023,
      "single": true,
      "own": true,
      "artist_id": 10286,
      "artist_name": "Michael Perez",
      "influence": 0,
      "influence_breakdown": {
        "cover": 0,
        "sample": 0,
        "reference": 0,
        "style": 0
      },
      "relation_types": []
    }
  ],
  "links": []
}