{
  "person_id": 10298,
  "name": "Jing Kong",
  "stage_name": null,
  "nodes": [
    {
      "id": "song:10295",
      "song_id": 10295,
      "title": "Celluloid Waltz",
      "genre": "Synthwave",
      "notable": true,
      "release_year": 2007,
      "single": true,
      "own": true,
      "artist_id": 10298,
      "artist_name": "Jing Kong",
      "influence": 5,
      "influence_breakdown": {
        "cover": 1,
        "sample": 0,
        "reference": 0,
        "style": 0
      },
      "relation_types": []
    },
    {
      "id": "song:3264",
      "song_id": 3264,
      "title": "Wandering Tribes",
      "genre": "Dream Pop",
      "notable": true,
      "release_year": 2020,
      "single": false,
      "own": false,
      "artist_id": 3266,
      "artist_name": "Xiuying Lin",
      "influence": 0,
      "influence_breakdown": {
        "cover": 0,
        "sample": 0,
        "reference": 0,
        "style": 0
      },
      "relation_types": [
        "CoverOf"
      ]
    }
  ],
  "links": [
    {
      "source": "song:3264",
      "target": "song:10295",
      "type": "CoverOf"
    }
  ]
}