{
  "person_id": 10307,
  "name": "Klara Parkitna",
  "stage_name": null,
  "nodes": [
    {
      "id": "song:10301",
      "song_id": 10301,
      "title": "Silver Screen Soirée",
      "genre": "Symphonic Metal",
      "notable": true,
      "release_year": 2010,
      "single": true,
      "own": true,
      "artist_id": 10307,
      "artist_name": "Klara Parkitna",
      "influence": 0,
      "influence_breakdown": {
        "cover": 0,
        "sample": 0,
        "reference": 0,
        "style": 0
      },
      "relation_types": []
    },
    {
      "id": "song:10859",
      "song_id": 10859,
      "title": "Bortglömd Brevlåda vid Landsvägen (Forgotten Mailbox by the Road)",
      "genre": "Doom Metal",
      "notable": true,
      "release_year": 2013,
      "single": false,
      "own": true,
      "artist_id": 10307,
      "artist_name": "Klara Parkitna",
      "influence": 0,
      "influence_breakdown": {
        "cover": 0,
        "sample": 0,
        "reference": 0,
        "style": 0
      },
      "relation_types": []
    }
  ],
  "links": []
}