{
  "person_id": 10311,
  "name": "Siya Sahni",
  "stage_name": null,
  "nodes": [
    {
      "id": "song:10310",
      "song_id": 10310,
      "title": "Reels and Revelry",
      "genre": "Dream Pop",
      "notable": true,
      "release_year": 2020,
      "single": false,
      "own": true,
      "artist_id": 10311,
      "artist_name": "Siya Sahni",
      "influence": 0,
      "influence_breakdown": {
        "cover": 0,
        "sample": 0,
        "reference": 0,
        "style": 0
      },
      "relation_types": []
    },
    {
      "id": "song:16615",
      "song_id": 16615,
      "title": "The Revenge We Never Spoke Of",
      "genre": "Dream Pop",
      "notable": true,
      "release_year": 2022,
      "single": true,
      "own": true,
      "artist_id": 10311,
      "artist_name": "Siya Sahni",
      "influence": 0,
      "influence_breakdown": {
        "cover": 0,
        "sample": 0,
        "reference": 0,
        "style": 0
      },
      "relation_types": []
    }
  ],
  "links": []
}