{
  "person_id": 10343,
  "name": "Colleen Velazquez",
  "stage_name": " The Raven",
  "nodes": [
    {
      "id": "song:10342",
      "song_id": 10342,
      "title": "Carols of the Silent Night",
      "genre": "Dream Pop",
      "notable": true,
      "release_year": 2017,
      "single": true,
      "own": true,
      "artist_id": 10343,
      "artist_name": "Colleen Velazquez ( The Raven)",
      "influence": 45,
      "influence_breakdown": {
        "cover": 5,
        "sample": 0,
        "reference": 4,
        "style": 4
      },
      "relation_types": []
    },
    {
      "id": "song:1915",
      "song_id": 1915,
      "title": "Fragments of Joy",
      "genre": "Synthwave",
      "notable": true,
      "release_year": 2023,
      "single": true,
      "own": false,
      "artist_id": 1718,
      "artist_name": "Joshua Herring",
      "influence": 0,
      "influence_breakdown": {
        "cover": 0,
        "sample": 0,
        "reference": 0,
        "style": 0
      },
      "relation_types": [
        "CoverOf"
      ]
    },
    {
      "id": "song:8604",
      "song_id": 8604,
      "title": "Radiant Silhouette",
      "genre": "Synthwave",
      "notable": true,
      "release_year": 2026,
      "single": true,
      "own": false,
      "artist_id": 1716,
      "artist_name": "Kimberly Snyder ( Slate)",
      "influence": 0,
      "influence_breakdown": {
        "cover": 0,
        "sample": 0,
        "reference": 0,
        "style": 0
      },
      "relation_types": [
        "InStyleOf"
      ]
    },
    {
      "id": "song:10659",
      "song_id": 10659,
      "title": "Silent Hooves, Whispering Forest",
      "genre": "Dream Pop",
      "notable": true,
      "release_year": 2025,
      "single": false,
      "own": false,
      "artist_id": 1716,
      "artist_name": "Kimberly Snyder ( Slate)",
      "influence": 0,
      "influence_breakdown": {
        "cover": 0,
        "sample": 0,
        "reference": 0,
        "style": 0
      },
      "relation_types": [
        "InterpolatesFrom"
      ]
    },
    {
      "id": "song:10855",
      "song_id": 10855,
      "title": "Maria's Obeskrivna Minnen (Maria's Unwritten Memories)",
      "genre": "Dream Pop",
      "notable": true,
      "release_year": 2023,
      "single": true,
      "own": false,
      "artist_id": 1716,
      "artist_name": "Kimberly Snyder ( Slate)",
      "influence": 0,
      "influence_breakdown": {
        "cover": 0,
        "sample": 0,
        "reference": 0,
        "style": 0
      },
      "relation_types": [
        "LyricalReferenceTo"
      ]
    },
    {
      "id": "song:11184",
      "song_id": 11184,
      "title": "Second String Soul",
      "genre": "Dream Pop",
      "notable": true,
      "release_year": 2028,
      "single": true,
      "own": false,
      "artist_id": 8248,
      "artist_name": "Rachel Jackson",
      "influence": 0,
      "influence_breakdown": {
        "cover": 0,
        "sample": 0,
        "reference": 0,
        "style": 0
      },
      "relation_types": [
        "CoverOf"
      ]
    },
    {
      "id": "song:11225",
      "song_id": 11225,
      "title": "Beethoven's Unheard Conversation",
      "genre": "Synthwave",
      "notable": true,
      "release_year": 2024,
      "single": true,
      "own": false,
      "artist_id": 1716,
      "artist_name": "Kimberly Snyder ( Slate)",
      "influence": 0,
      "influence_breakdown": {
        "cover": 0,
        "sample": 0,
        "reference": 0,
        "style": 0
      },
      "relation_types": [
        "CoverOf"
      ]
    },
    {
      "id": "song:11847",
      "song_id": 11847,
      "title": "Echoes of a Global Generation",
      "genre": "Dream Pop",
      "notable": true,
      "release_year": 2023,
      "single": true,
      "own": false,
      "artist_id": 1716,
      "artist_name": "Kimberly Snyder ( Slate)",
      "influence": 0,
      "influence_breakdown": {
        "cover": 0,
        "sample": 0,
        "reference": 0,
        "style": 0
      },
      "relation_types": [
        "InStyleOf"
      ]
    },
    {
      "id": "song:12043",
      "song_id": 12043,
      "title": "Soft Love's First Light",
      "genre": "Dream Pop",
      "notable": true,
      "release_year": 2023,
      "single": true,
      "own": false,
      "artist_id": 1716,
      "artist_name": "Kimberly Snyder ( Slate)",
      "influence": 0,
      "influence_breakdown": {
        "cover": 0,
        "sample": 0,
        "reference": 0,
        "style": 0
      },
      "relation_types": [
        "InterpolatesFrom"
      ]
    },
    {
      "id": "song:13068",
      "song_id": 13068,
      "title": "Partner or Pretender",
      "genre": "Synthwave",
      "notable": true,
      "release_year": 2023,
      "single": false,
      "own": false,
      "artist_id": 1718,
      "artist_name": "Joshua Herring",
      "influence": 0,
      "influence_breakdown": {
        "cover": 0,
        "sample": 0,
        "reference": 0,
        "style": 0
      },
      "relation_types": [
        "InStyleOf"
      ]
    },
    {
      "id": "song:13272",
      "song_id": 13272,
      "title": "Verdant Silence Descends",
      "genre": "Dream Pop",
      "notable": true,
      "release_year": 2026,
      "single": true,
      "own": false,
      "artist_id": 13274,
      "artist_name": "Nicole Valenzuela",
      "influence": 0,
      "influence_breakdown": {
        "cover": 0,
        "sample": 0,
        "reference": 0,
        "style": 0
      },
      "relation_types": [
        "LyricalReferenceTo"
      ]
    },
    {
      "id": "song:13302",
      "song_id": 13302,
      "title": "Fair Exchange",
      "genre": "Indie Rock",
      "notable": true,
      "release_year": 2020,
      "single": true,
      "own": false,
      "artist_id": 1716,
      "artist_name": "Kimberly Snyder ( Slate)",
      "influence": 0,
      "influence_breakdown": {
        "cover": 0,
        "sample": 0,
        "reference": 0,
        "style": 0
      },
      "relation_types": [
        "InStyleOf"
      ]
    },
    {
      "id": "song:13817",
      "song_id": 13817,
      "title": "Warsaw Veins",
      "genre": "Space Rock",
      "notable": true,
      "release_year": 2027,
      "single": false,
      "own": false,
      "artist_id": 1718,
      "artist_name": "Joshua Herring",
      "influence": 0,
      "influence_breakdown": {
        "cover": 0,
        "sample": 0,
        "reference": 0,
        "style": 0
      },
      "relation_types": [
        "CoverOf"
      ]
    },
    {
      "id": "song:13973",
      "song_id": 13973,
      "title": "Loose Change Lullaby",
      "genre": "Doom Metal",
      "notable": true,
      "release_year": 2023,
      "single": true,
      "own": false,
      "artist_id": 870,
      "artist_name": "Janine Berger",
      "influence": 0,
      "influence_breakdown": {
        "cover": 0,
        "sample": 0,
        "reference": 0,
        "style": 0
      },
      "relation_types": [
        "CoverOf"
      ]
    }
  ],
  "links": [
    {
      "source": "song:8604",
      "target": "song:10342",
      "type": "InStyleOf"
    },
    {
      "source": "song:11225",
      "target": "song:10342",
      "type": "CoverOf"
    },
    {
      "source": "song:11847",
      "target": "song:10342",
      "type": "InStyleOf"
    },
    {
      "source": "song:1915",
      "target": "song:10342",
      "type": "CoverOf"
    },
    {
      "source": "song:11184",
      "target": "song:10342",
      "type": "CoverOf"
    },
    {
      "source": "song:13302",
      "target": "song:10342",
      "type": "InStyleOf"
    },
    {
      "source": "song:13973",
      "target": "song:10342",
      "type": "CoverOf"
    },
    {
      "source": "song:10855",
      "target": "song:10342",
      "type": "LyricalReferenceTo"
    },
    {
      "source": "song:13272",
      "target": "song:10342",
      "type": "LyricalReferenceTo"
    },
    {
      "source": "song:13068",
      "target": "song:10342",
      "type": "InStyleOf"
    },
    {
      "source": "song:13817",
      "target": "song:10342",
      "type": "CoverOf"
    },
    {
      "source": "song:12043",
      "target": "song:10342",
      "type": "InterpolatesFrom"
    },
    {
      "source": "song:10659",
      "target": "song:10342",
      "type": "InterpolatesFrom"
    }
  ]
}