{
  "person_id": 10340,
  "name": "Li Lu",
  "stage_name": null,
  "nodes": [
    {
      "id": "song:10338",
      "song_id": 10338,
      "title": "Frostbitten Symphony",
      "genre": "Dream Pop",
      "notable": true,
      "release_year": 2023,
      "single": true,
      "own": true,
      "artist_id": 10340,
      "artist_name": "Li Lu",
      "influence": 0,
      "influence_breakdown": {
        "cover": 0,
        "sample": 0,
        "reference": 0,
        "style": 0
      },
      "relation_types": []
    }
  ],
  "links": []
}