{
  "person_id": 10356,
  "name": "Yuvaan Chopra",
  "stage_name": null,
  "nodes": [
    {
      "id": "song:10354",
      "song_id": 10354,
      "title": "Mercy's Embrace",
      "genre": "Dream Pop",
      "notable": true,
      "release_year": 2018,
      "single": true,
      "own": true,
      "artist_id": 10356,
      "artist_name": "Yuvaan Chopra",
      "influence": 7,
      "influence_breakdown": {
        "cover": 1,
        "sample": 0,
        "reference": 0,
        "style": 1
      },
      "relation_types": []
    },
    {
      "id": "song:9479",
      "song_id": 9479,
      "title": "The March of a Thousand Boots",
      "genre": "Dream Pop",
      "notable": true,
      "release_year": 2017,
      "single": true,
      "own": false,
      "artist_id": 1932,
      "artist_name": "Shaan Sanghvi",
      "influence": 0,
      "influence_breakdown": {
        "cover": 0,
        "sample": 0,
        "reference": 0,
        "style": 0
      },
      "relation_types": [
        "InStyleOf"
      ]
    },
    {
      "id": "song:10657",
      "song_id": 10657,
      "title": "Antlers of Moonlight",
      "genre": "Dream Pop",
      "notable": true,
      "release_year": 2017,
      "single": true,
      "own": false,
      "artist_id": 4285,
      "artist_name": "Navya Sastry",
      "influence": 0,
      "influence_breakdown": {
        "cover": 0,
        "sample": 0,
        "reference": 0,
        "style": 0
      },
      "relation_types": [
        "CoverOf"
      ]
    }
  ],
  "links": [
    {
      "source": "song:9479",
      "target": "song:10354",
      "type": "InStyleOf"
    },
    {
      "source": "song:10657",
      "target": "song:10354",
      "type": "CoverOf"
    }
  ]
}