{
  "person_id": 1036,
  "name": "David Johnson",
  "stage_name": null,
  "nodes": [
    {
      "id": "song:3402",
      "song_id": 3402,
      "title": "Signatures and Sorrow",
      "genre": "Dream Pop",
      "notable": true,
      "release_year": 2024,
      "single": true,
      "own": true,
      "artist_id": 1036,
      "artist_name": "David Johnson",
      "influence": 4,
      "influence_breakdown": {
        "cover": 0,
        "sample": 1,
        "reference": 0,
        "style": 0
      },
      "relation_types": []
    },
    {
      "id": "song:1033",
      "song_id": 1033,
      "title": "Forty-Niners' Lament",
      "genre": "Dream Pop",
      "notable": false,
      "release_year": 2028,
      "single": true,
      "own": true,
      "artist_id": 1036,
      "artist_name": "David Johnson",
      "influence": 0,
      "influence_breakdown": {
        "cover": 0,
        "sample": 0,
        "reference": 0,
        "style": 0
      },
      "relation_types": []
    },
    {
      "id": "song:1033",
      "song_id": 1033,
      "title": "Forty-Niners' Lament",
      "genre": "Dream Pop",
      "notable": false,
      "release_year": 2028,
      "single": true,
      "own": false,
      "artist_id": 1034,
      "artist_name": "John Ray",
      "influence": 0,
      "influence_breakdown": {
        "cover": 0,
        "sample": 0,
        "reference": 0,
        "style": 0
      },
      "relation_types": [
        "DirectlySamples"
      ]
    }
  ],
  "links": [
    {
      "source": "song:1033",
      "target": "song:3402",
      "type": "DirectlySamples"
    }
  ]
}