{
  "person_id": 10374,
  "name": "Hannah Payne",
  "stage_name": null,
  "nodes": [
    {
      "id": "song:10368",
      "song_id": 10368,
      "title": "Spin and Survive",
      "genre": "Post-Apocalyptic Folk",
      "notable": true,
      "release_year": 2028,
      "single": true,
      "own": true,
      "artist_id": 10374,
      "artist_name": "Hannah Payne",
      "influence": 0,
      "influence_breakdown": {
        "cover": 0,
        "sample": 0,
        "reference": 0,
        "style": 0
      },
      "relation_types": []
    }
  ],
  "links": []
}