{
  "person_id": 10389,
  "name": "Na Feng",
  "stage_name": null,
  "nodes": [
    {
      "id": "song:14237",
      "song_id": 14237,
      "title": "Letting Go (While Holding On)",
      "genre": "Doom Metal",
      "notable": true,
      "release_year": 1997,
      "single": true,
      "own": true,
      "artist_id": 10389,
      "artist_name": "Na Feng",
      "influence": 0,
      "influence_breakdown": {
        "cover": 0,
        "sample": 0,
        "reference": 0,
        "style": 0
      },
      "relation_types": []
    },
    {
      "id": "song:10388",
      "song_id": 10388,
      "title": "Chalk and Verses",
      "genre": "Doom Metal",
      "notable": true,
      "release_year": 1991,
      "single": true,
      "own": true,
      "artist_id": 10389,
      "artist_name": "Na Feng",
      "influence": 0,
      "influence_breakdown": {
        "cover": 0,
        "sample": 0,
        "reference": 0,
        "style": 0
      },
      "relation_types": []
    }
  ],
  "links": []
}