{
  "person_id": 10386,
  "name": "Ping Mao",
  "stage_name": null,
  "nodes": [
    {
      "id": "song:10385",
      "song_id": 10385,
      "title": "Whispers of Innocence",
      "genre": "Space Rock",
      "notable": true,
      "release_year": 2028,
      "single": true,
      "own": true,
      "artist_id": 10386,
      "artist_name": "Ping Mao",
      "influence": 0,
      "influence_breakdown": {
        "cover": 0,
        "sample": 0,
        "reference": 0,
        "style": 0
      },
      "relation_types": []
    }
  ],
  "links": []
}