{
  "person_id": 10418,
  "name": "Juan Li",
  "stage_name": null,
  "nodes": [
    {
      "id": "song:10417",
      "song_id": 10417,
      "title": "Carnival Whispers",
      "genre": "Lo-Fi Electronica",
      "notable": true,
      "release_year": 2010,
      "single": false,
      "own": true,
      "artist_id": 10418,
      "artist_name": "Juan Li",
      "influence": 36,
      "influence_breakdown": {
        "cover": 0,
        "sample": 1,
        "reference": 8,
        "style": 4
      },
      "relation_types": []
    },
    {
      "id": "song:5",
      "song_id": 5,
      "title": "Unshackled Heart",
      "genre": "Lo-Fi Electronica",
      "notable": true,
      "release_year": 2026,
      "single": false,
      "own": false,
      "artist_id": 7,
      "artist_name": "Xiulan Zeng",
      "influence": 0,
      "influence_breakdown": {
        "cover": 0,
        "sample": 0,
        "reference": 0,
        "style": 0
      },
      "relation_types": [
        "InStyleOf"
      ]
    },
    {
      "id": "song:3289",
      "song_id": 3289,
      "title": "Ezhuthatha Kadhal (Unwritten Love)",
      "genre": "Lo-Fi Electronica",
      "notable": true,
      "release_year": 2019,
      "single": true,
      "own": false,
      "artist_id": 2363,
      "artist_name": "Daniël Reijers",
      "influence": 0,
      "influence_breakdown": {
        "cover": 0,
        "sample": 0,
        "reference": 0,
        "style": 0
      },
      "relation_types": [
        "InStyleOf"
      ]
    },
    {
      "id": "song:5088",
      "song_id": 5088,
      "title": "Echoes of a Lonely Gaze",
      "genre": "Lo-Fi Electronica",
      "notable": true,
      "release_year": 2026,
      "single": false,
      "own": false,
      "artist_id": 7,
      "artist_name": "Xiulan Zeng",
      "influence": 0,
      "influence_breakdown": {
        "cover": 0,
        "sample": 0,
        "reference": 0,
        "style": 0
      },
      "relation_types": [
        "LyricalReferenceTo"
      ]
    },
    {
      "id": "song:5928",
      "song_id": 5928,
      "title": "Mist Over Mount Washu",
      "genre": "Lo-Fi Electronica",
      "notable": true,
      "release_year": 2019,
      "single": false,
      "own": false,
      "artist_id": 943,
      "artist_name": "Kevin Carney",
      "influence": 0,
      "influence_breakdown": {
        "cover": 0,
        "sample": 0,
        "reference": 0,
        "style": 0
      },
      "relation_types": [
        "DirectlySamples"
      ]
    },
    {
      "id": "song:7054",
      "song_id": 7054,
      "title": "Whispers of the Caravan",
      "genre": "Lo-Fi Electronica",
      "notable": false,
      "release_year": 2026,
      "single": true,
      "own": false,
      "artist_id": 7,
      "artist_name": "Xiulan Zeng",
      "influence": 0,
      "influence_breakdown": {
        "cover": 0,
        "sample": 0,
        "reference": 0,
        "style": 0
      },
      "relation_types": [
        "InStyleOf"
      ]
    },
    {
      "id": "song:9088",
      "song_id": 9088,
      "title": "Whispers Without Words",
      "genre": "Lo-Fi Electronica",
      "notable": true,
      "release_year": 2013,
      "single": true,
      "own": false,
      "artist_id": 2361,
      "artist_name": "Xiulan Shi",
      "influence": 0,
      "influence_breakdown": {
        "cover": 0,
        "sample": 0,
        "reference": 0,
        "style": 0
      },
      "relation_types": [
        "LyricalReferenceTo"
      ]
    },
    {
      "id": "song:9807",
      "song_id": 9807,
      "title": "White Picket Prison",
      "genre": "Lo-Fi Electronica",
      "notable": true,
      "release_year": 2017,
      "single": false,
      "own": false,
      "artist_id": 2361,
      "artist_name": "Xiulan Shi",
      "influence": 0,
      "influence_breakdown": {
        "cover": 0,
        "sample": 0,
        "reference": 0,
        "style": 0
      },
      "relation_types": [
        "LyricalReferenceTo"
      ]
    },
    {
      "id": "song:10478",
      "song_id": 10478,
      "title": "Hamilton's Shadow",
      "genre": "Lo-Fi Electronica",
      "notable": true,
      "release_year": 2032,
      "single": true,
      "own": false,
      "artist_id": 10479,
      "artist_name": "Xiuying Yan",
      "influence": 0,
      "influence_breakdown": {
        "cover": 0,
        "sample": 0,
        "reference": 0,
        "style": 0
      },
      "relation_types": [
        "InStyleOf"
      ]
    },
    {
      "id": "song:13820",
      "song_id": 13820,
      "title": "Mazovia's Pulse",
      "genre": "Lo-Fi Electronica",
      "notable": true,
      "release_year": 2025,
      "single": true,
      "own": false,
      "artist_id": 2536,
      "artist_name": "Jun Zou",
      "influence": 0,
      "influence_breakdown": {
        "cover": 0,
        "sample": 0,
        "reference": 0,
        "style": 0
      },
      "relation_types": [
        "LyricalReferenceTo"
      ]
    },
    {
      "id": "song:13985",
      "song_id": 13985,
      "title": "Seven Verses Before Dawn",
      "genre": "Lo-Fi Electronica",
      "notable": true,
      "release_year": 2013,
      "single": true,
      "own": false,
      "artist_id": 878,
      "artist_name": "Jing Kang",
      "influence": 0,
      "influence_breakdown": {
        "cover": 0,
        "sample": 0,
        "reference": 0,
        "style": 0
      },
      "relation_types": [
        "LyricalReferenceTo"
      ]
    },
    {
      "id": "song:14701",
      "song_id": 14701,
      "title": "Crystalline Cascade",
      "genre": "Lo-Fi Electronica",
      "notable": true,
      "release_year": 2020,
      "single": true,
      "own": false,
      "artist_id": 3290,
      "artist_name": "Jie Yan",
      "influence": 0,
      "influence_breakdown": {
        "cover": 0,
        "sample": 0,
        "reference": 0,
        "style": 0
      },
      "relation_types": [
        "LyricalReferenceTo"
      ]
    },
    {
      "id": "song:14710",
      "song_id": 14710,
      "title": "Whimsical Moments",
      "genre": "Lo-Fi Electronica",
      "notable": true,
      "release_year": 2024,
      "single": true,
      "own": false,
      "artist_id": 2538,
      "artist_name": "Angelika Osojca",
      "influence": 0,
      "influence_breakdown": {
        "cover": 0,
        "sample": 0,
        "reference": 0,
        "style": 0
      },
      "relation_types": [
        "InterpolatesFrom"
      ]
    },
    {
      "id": "song:15024",
      "song_id": 15024,
      "title": "Silent Whispers of Unanswered Questions",
      "genre": "Lo-Fi Electronica",
      "notable": true,
      "release_year": 2013,
      "single": true,
      "own": false,
      "artist_id": 2363,
      "artist_name": "Daniël Reijers",
      "influence": 0,
      "influence_breakdown": {
        "cover": 0,
        "sample": 0,
        "reference": 0,
        "style": 0
      },
      "relation_types": [
        "InterpolatesFrom"
      ]
    }
  ],
  "links": [
    {
      "source": "song:13820",
      "target": "song:10417",
      "type": "LyricalReferenceTo"
    },
    {
      "source": "song:7054",
      "target": "song:10417",
      "type": "InStyleOf"
    },
    {
      "source": "song:5088",
      "target": "song:10417",
      "type": "LyricalReferenceTo"
    },
    {
      "source": "song:14710",
      "target": "song:10417",
      "type": "InterpolatesFrom"
    },
    {
      "source": "song:15024",
      "target": "song:10417",
      "type": "InterpolatesFrom"
    },
    {
      "source": "song:13985",
      "target": "song:10417",
      "type": "LyricalReferenceTo"
    },
    {
      "source": "song:14701",
      "target": "song:10417",
      "type": "LyricalReferenceTo"
    },
    {
      "source": "song:5928",
      "target": "song:10417",
      "type": "DirectlySamples"
    },
    {
      "source": "song:3289",
      "target": "song:10417",
      "type": "InStyleOf"
    },
    {
      "source": "song:9807",
      "target": "song:10417",
      "type": "LyricalReferenceTo"
    },
    {
      "source": "song:10478",
      "target": "song:10417",
      "type": "InStyleOf"
    },
    {
      "source": "song:9088",
      "target": "song:10417",
      "type": "LyricalReferenceTo"
    },
    {
      "source": "song:5",
      "target": "song:10417",
      "type": "InStyleOf"
    }
  ]
}