{
  "person_id": 10423,
  "name": "Tao Fang",
  "stage_name": null,
  "nodes": [
    {
      "id": "song:10421",
      "song_id": 10421,
      "title": "Anything But Nothing",
      "genre": "Dream Pop",
      "notable": true,
      "release_year": 2023,
      "single": true,
      "own": true,
      "artist_id": 10423,
      "artist_name": "Tao Fang",
      "influence": 0,
      "influence_breakdown": {
        "cover": 0,
        "sample": 0,
        "reference": 0,
        "style": 0
      },
      "relation_types": []
    }
  ],
  "links": []
}