{
  "person_id": 10420,
  "name": "Yang Tian",
  "stage_name": null,
  "nodes": [
    {
      "id": "song:10419",
      "song_id": 10419,
      "title": "Lagoon's Legacy",
      "genre": "Dream Pop",
      "notable": true,
      "release_year": 1997,
      "single": true,
      "own": true,
      "artist_id": 10420,
      "artist_name": "Yang Tian",
      "influence": 8,
      "influence_breakdown": {
        "cover": 1,
        "sample": 0,
        "reference": 1,
        "style": 0
      },
      "relation_types": []
    },
    {
      "id": "song:9387",
      "song_id": 9387,
      "title": "Pyongyang's Immortal Son",
      "genre": "Dream Pop",
      "notable": true,
      "release_year": 2007,
      "single": true,
      "own": false,
      "artist_id": 2659,
      "artist_name": "Matthew Hancock (Lunar Tapestry)",
      "influence": 0,
      "influence_breakdown": {
        "cover": 0,
        "sample": 0,
        "reference": 0,
        "style": 0
      },
      "relation_types": [
        "LyricalReferenceTo"
      ]
    },
    {
      "id": "song:11905",
      "song_id": 11905,
      "title": "Dinner Party Diplomacy",
      "genre": "Alternative Rock",
      "notable": true,
      "release_year": 2004,
      "single": false,
      "own": false,
      "artist_id": 1535,
      "artist_name": "Chad Hampton",
      "influence": 0,
      "influence_breakdown": {
        "cover": 0,
        "sample": 0,
        "reference": 0,
        "style": 0
      },
      "relation_types": [
        "CoverOf"
      ]
    }
  ],
  "links": [
    {
      "source": "song:11905",
      "target": "song:10419",
      "type": "CoverOf"
    },
    {
      "source": "song:9387",
      "target": "song:10419",
      "type": "LyricalReferenceTo"
    }
  ]
}