{
  "person_id": 10427,
  "name": "Xiulan Mo",
  "stage_name": null,
  "nodes": [
    {
      "id": "song:10426",
      "song_id": 10426,
      "title": "Somewhere Between Somewhere",
      "genre": "Oceanus Folk",
      "notable": true,
      "release_year": 2026,
      "single": true,
      "own": true,
      "artist_id": 10427,
      "artist_name": "Xiulan Mo",
      "influence": 0,
      "influence_breakdown": {
        "cover": 0,
        "sample": 0,
        "reference": 0,
        "style": 0
      },
      "relation_types": []
    },
    {
      "id": "song:13396",
      "song_id": 13396,
      "title": "Waiting by the Phone",
      "genre": "Oceanus Folk",
      "notable": true,
      "release_year": 2029,
      "single": true,
      "own": true,
      "artist_id": 10427,
      "artist_name": "Xiulan Mo",
      "influence": 0,
      "influence_breakdown": {
        "cover": 0,
        "sample": 0,
        "reference": 0,
        "style": 0
      },
      "relation_types": []
    }
  ],
  "links": []
}