{
  "person_id": 10436,
  "name": "Julie Larson",
  "stage_name": null,
  "nodes": [
    {
      "id": "song:10435",
      "song_id": 10435,
      "title": "Unseen Currents",
      "genre": "Southern Gothic Rock",
      "notable": true,
      "release_year": 2027,
      "single": true,
      "own": true,
      "artist_id": 10436,
      "artist_name": "Julie Larson",
      "influence": 0,
      "influence_breakdown": {
        "cover": 0,
        "sample": 0,
        "reference": 0,
        "style": 0
      },
      "relation_types": []
    }
  ],
  "links": []
}