{
  "person_id": 10430,
  "name": "Jörg Niemeier",
  "stage_name": null,
  "nodes": [
    {
      "id": "song:12535",
      "song_id": 12535,
      "title": "Whispers from the Fifty States",
      "genre": "Darkwave",
      "notable": true,
      "release_year": 2027,
      "single": true,
      "own": true,
      "artist_id": 10430,
      "artist_name": "Jörg Niemeier",
      "influence": 0,
      "influence_breakdown": {
        "cover": 0,
        "sample": 0,
        "reference": 0,
        "style": 0
      },
      "relation_types": []
    },
    {
      "id": "song:10426",
      "song_id": 10426,
      "title": "Somewhere Between Somewhere",
      "genre": "Oceanus Folk",
      "notable": true,
      "release_year": 2026,
      "single": true,
      "own": true,
      "artist_id": 10430,
      "artist_name": "Jörg Niemeier",
      "influence": 0,
      "influence_breakdown": {
        "cover": 0,
        "sample": 0,
        "reference": 0,
        "style": 0
      },
      "relation_types": []
    },
    {
      "id": "song:16471",
      "song_id": 16471,
      "title": "Guardian of My Heart",
      "genre": "Indie Folk",
      "notable": true,
      "release_year": 2023,
      "single": true,
      "own": true,
      "artist_id": 10430,
      "artist_name": "Jörg Niemeier",
      "influence": 0,
      "influence_breakdown": {
        "cover": 0,
        "sample": 0,
        "reference": 0,
        "style": 0
      },
      "relation_types": []
    }
  ],
  "links": []
}