{
  "person_id": 10456,
  "name": "Kayla Roberson",
  "stage_name": null,
  "nodes": [
    {
      "id": "song:10453",
      "song_id": 10453,
      "title": "Whispers of Devotion",
      "genre": "Southern Gothic Rock",
      "notable": true,
      "release_year": 2026,
      "single": true,
      "own": true,
      "artist_id": 10456,
      "artist_name": "Kayla Roberson",
      "influence": 0,
      "influence_breakdown": {
        "cover": 0,
        "sample": 0,
        "reference": 0,
        "style": 0
      },
      "relation_types": []
    }
  ],
  "links": []
}