{
  "person_id": 10450,
  "name": "Urte Bachmann",
  "stage_name": null,
  "nodes": [
    {
      "id": "song:10448",
      "song_id": 10448,
      "title": "Captured Heart",
      "genre": "Jazz Surf Rock",
      "notable": true,
      "release_year": 2015,
      "single": true,
      "own": true,
      "artist_id": 10450,
      "artist_name": "Urte Bachmann",
      "influence": 0,
      "influence_breakdown": {
        "cover": 0,
        "sample": 0,
        "reference": 0,
        "style": 0
      },
      "relation_types": []
    }
  ],
  "links": []
}