{
  "person_id": 10454,
  "name": "Jamie Smith",
  "stage_name": " Nova",
  "nodes": [
    {
      "id": "song:10453",
      "song_id": 10453,
      "title": "Whispers of Devotion",
      "genre": "Southern Gothic Rock",
      "notable": true,
      "release_year": 2026,
      "single": true,
      "own": true,
      "artist_id": 10454,
      "artist_name": "Jamie Smith ( Nova)",
      "influence": 0,
      "influence_breakdown": {
        "cover": 0,
        "sample": 0,
        "reference": 0,
        "style": 0
      },
      "relation_types": []
    }
  ],
  "links": []
}