{
  "person_id": 10477,
  "name": "Monika Przewłoka",
  "stage_name": null,
  "nodes": [
    {
      "id": "song:13545",
      "song_id": 13545,
      "title": "Gleaming Hope's Horizon",
      "genre": "Speed Metal",
      "notable": true,
      "release_year": 1997,
      "single": true,
      "own": true,
      "artist_id": 10477,
      "artist_name": "Monika Przewłoka",
      "influence": 3,
      "influence_breakdown": {
        "cover": 0,
        "sample": 0,
        "reference": 1,
        "style": 0
      },
      "relation_types": []
    },
    {
      "id": "song:10475",
      "song_id": 10475,
      "title": "Blooming Duality",
      "genre": "Speed Metal",
      "notable": true,
      "release_year": 2020,
      "single": true,
      "own": true,
      "artist_id": 10477,
      "artist_name": "Monika Przewłoka",
      "influence": 0,
      "influence_breakdown": {
        "cover": 0,
        "sample": 0,
        "reference": 0,
        "style": 0
      },
      "relation_types": []
    },
    {
      "id": "song:10475",
      "song_id": 10475,
      "title": "Blooming Duality",
      "genre": "Speed Metal",
      "notable": true,
      "release_year": 2020,
      "single": true,
      "own": false,
      "artist_id": 30,
      "artist_name": "Megan Bennett",
      "influence": 0,
      "influence_breakdown": {
        "cover": 0,
        "sample": 0,
        "reference": 0,
        "style": 0
      },
      "relation_types": [
        "InterpolatesFrom"
      ]
    }
  ],
  "links": [
    {
      "source": "song:10475",
      "target": "song:13545",
      "type": "InterpolatesFrom"
    }
  ]
}