{
  "person_id": 10479,
  "name": "Xiuying Yan",
  "stage_name": null,
  "nodes": [
    {
      "id": "song:13171",
      "song_id": 13171,
      "title": "Maplines and Memories",
      "genre": "Synthwave",
      "notable": true,
      "release_year": 2026,
      "single": true,
      "own": true,
      "artist_id": 10479,
      "artist_name": "Xiuying Yan",
      "influence": 0,
      "influence_breakdown": {
        "cover": 0,
        "sample": 0,
        "reference": 0,
        "style": 0
      },
      "relation_types": []
    },
    {
      "id": "song:14980",
      "song_id": 14980,
      "title": "Wisdom's Blind Spot",
      "genre": "Darkwave",
      "notable": true,
      "release_year": 2010,
      "single": true,
      "own": true,
      "artist_id": 10479,
      "artist_name": "Xiuying Yan",
      "influence": 2,
      "influence_breakdown": {
        "cover": 0,
        "sample": 0,
        "reference": 0,
        "style": 1
      },
      "relation_types": []
    },
    {
      "id": "song:10478",
      "song_id": 10478,
      "title": "Hamilton's Shadow",
      "genre": "Lo-Fi Electronica",
      "notable": true,
      "release_year": 2032,
      "single": true,
      "own": true,
      "artist_id": 10479,
      "artist_name": "Xiuying Yan",
      "influence": 0,
      "influence_breakdown": {
        "cover": 0,
        "sample": 0,
        "reference": 0,
        "style": 0
      },
      "relation_types": []
    },
    {
      "id": "song:9976",
      "song_id": 9976,
      "title": "Echoes of a Forgotten Consciousness",
      "genre": "Dream Pop",
      "notable": true,
      "release_year": 2023,
      "single": true,
      "own": false,
      "artist_id": 9977,
      "artist_name": "Tonya May ( Nova Black)",
      "influence": 0,
      "influence_breakdown": {
        "cover": 0,
        "sample": 0,
        "reference": 0,
        "style": 0
      },
      "relation_types": [
        "InStyleOf"
      ]
    }
  ],
  "links": [
    {
      "source": "song:9976",
      "target": "song:14980",
      "type": "InStyleOf"
    }
  ]
}