{
  "person_id": 10522,
  "name": "Qiang Dai",
  "stage_name": null,
  "nodes": [
    {
      "id": "song:10521",
      "song_id": 10521,
      "title": "Uncork My Heart",
      "genre": "Emo/Pop Punk",
      "notable": true,
      "release_year": 2029,
      "single": true,
      "own": true,
      "artist_id": 10522,
      "artist_name": "Qiang Dai",
      "influence": 0,
      "influence_breakdown": {
        "cover": 0,
        "sample": 0,
        "reference": 0,
        "style": 0
      },
      "relation_types": []
    }
  ],
  "links": []
}