{
  "person_id": 10537,
  "name": "Hortense du Dijoux",
  "stage_name": null,
  "nodes": [
    {
      "id": "song:10535",
      "song_id": 10535,
      "title": "Memories Along the Lech River",
      "genre": "Indie Folk",
      "notable": true,
      "release_year": 2026,
      "single": false,
      "own": true,
      "artist_id": 10537,
      "artist_name": "Hortense du Dijoux",
      "influence": 0,
      "influence_breakdown": {
        "cover": 0,
        "sample": 0,
        "reference": 0,
        "style": 0
      },
      "relation_types": []
    }
  ],
  "links": []
}