{
  "person_id": 10575,
  "name": "Scott Snyder",
  "stage_name": null,
  "nodes": [
    {
      "id": "song:10574",
      "song_id": 10574,
      "title": "Triangular Affection",
      "genre": "Lo-Fi Electronica",
      "notable": true,
      "release_year": 2007,
      "single": true,
      "own": true,
      "artist_id": 10575,
      "artist_name": "Scott Snyder",
      "influence": 27,
      "influence_breakdown": {
        "cover": 2,
        "sample": 0,
        "reference": 3,
        "style": 4
      },
      "relation_types": []
    },
    {
      "id": "song:1140",
      "song_id": 1140,
      "title": "Party of One",
      "genre": "Lo-Fi Electronica",
      "notable": true,
      "release_year": 2018,
      "single": true,
      "own": false,
      "artist_id": 1141,
      "artist_name": "Tamara Solis",
      "influence": 0,
      "influence_breakdown": {
        "cover": 0,
        "sample": 0,
        "reference": 0,
        "style": 0
      },
      "relation_types": [
        "InterpolatesFrom"
      ]
    },
    {
      "id": "song:5643",
      "song_id": 5643,
      "title": "Farewell, My Heartache",
      "genre": "Lo-Fi Electronica",
      "notable": true,
      "release_year": 2011,
      "single": true,
      "own": false,
      "artist_id": 5644,
      "artist_name": "Li Zhang",
      "influence": 0,
      "influence_breakdown": {
        "cover": 0,
        "sample": 0,
        "reference": 0,
        "style": 0
      },
      "relation_types": [
        "InStyleOf"
      ]
    },
    {
      "id": "song:8773",
      "song_id": 8773,
      "title": "Blooming Love's Embrace",
      "genre": "Lo-Fi Electronica",
      "notable": true,
      "release_year": 2027,
      "single": true,
      "own": false,
      "artist_id": 114,
      "artist_name": "Jie Long",
      "influence": 0,
      "influence_breakdown": {
        "cover": 0,
        "sample": 0,
        "reference": 0,
        "style": 0
      },
      "relation_types": [
        "CoverOf"
      ]
    },
    {
      "id": "song:9088",
      "song_id": 9088,
      "title": "Whispers Without Words",
      "genre": "Lo-Fi Electronica",
      "notable": true,
      "release_year": 2013,
      "single": true,
      "own": false,
      "artist_id": 2361,
      "artist_name": "Xiulan Shi",
      "influence": 0,
      "influence_breakdown": {
        "cover": 0,
        "sample": 0,
        "reference": 0,
        "style": 0
      },
      "relation_types": [
        "InStyleOf"
      ]
    },
    {
      "id": "song:9807",
      "song_id": 9807,
      "title": "White Picket Prison",
      "genre": "Lo-Fi Electronica",
      "notable": true,
      "release_year": 2017,
      "single": false,
      "own": false,
      "artist_id": 2361,
      "artist_name": "Xiulan Shi",
      "influence": 0,
      "influence_breakdown": {
        "cover": 0,
        "sample": 0,
        "reference": 0,
        "style": 0
      },
      "relation_types": [
        "InStyleOf"
      ]
    },
    {
      "id": "song:12750",
      "song_id": 12750,
      "title": "Lamentation in Minor Key",
      "genre": "Lo-Fi Electronica",
      "notable": true,
      "release_year": 2019,
      "single": false,
      "own": false,
      "artist_id": 2363,
      "artist_name": "Daniël Reijers",
      "influence": 0,
      "influence_breakdown": {
        "cover": 0,
        "sample": 0,
        "reference": 0,
        "style": 0
      },
      "relation_types": [
        "InterpolatesFrom"
      ]
    },
    {
      "id": "song:14439",
      "song_id": 14439,
      "title": "First Contact",
      "genre": "Lo-Fi Electronica",
      "notable": true,
      "release_year": 2029,
      "single": false,
      "own": false,
      "artist_id": 1141,
      "artist_name": "Tamara Solis",
      "influence": 0,
      "influence_breakdown": {
        "cover": 0,
        "sample": 0,
        "reference": 0,
        "style": 0
      },
      "relation_types": [
        "InterpolatesFrom"
      ]
    },
    {
      "id": "song:14497",
      "song_id": 14497,
      "title": "Decoding Silence",
      "genre": "Lo-Fi Electronica",
      "notable": true,
      "release_year": 2023,
      "single": false,
      "own": false,
      "artist_id": 8880,
      "artist_name": "Tao Gao",
      "influence": 0,
      "influence_breakdown": {
        "cover": 0,
        "sample": 0,
        "reference": 0,
        "style": 0
      },
      "relation_types": [
        "InStyleOf"
      ]
    },
    {
      "id": "song:15570",
      "song_id": 15570,
      "title": "Philosopher's Midnight Experiment",
      "genre": "Lo-Fi Electronica",
      "notable": true,
      "release_year": 2014,
      "single": true,
      "own": false,
      "artist_id": 5645,
      "artist_name": "Wei Zhao",
      "influence": 0,
      "influence_breakdown": {
        "cover": 0,
        "sample": 0,
        "reference": 0,
        "style": 0
      },
      "relation_types": [
        "CoverOf"
      ]
    }
  ],
  "links": [
    {
      "source": "song:15570",
      "target": "song:10574",
      "type": "CoverOf"
    },
    {
      "source": "song:9088",
      "target": "song:10574",
      "type": "InStyleOf"
    },
    {
      "source": "song:1140",
      "target": "song:10574",
      "type": "InterpolatesFrom"
    },
    {
      "source": "song:9807",
      "target": "song:10574",
      "type": "InStyleOf"
    },
    {
      "source": "song:12750",
      "target": "song:10574",
      "type": "InterpolatesFrom"
    },
    {
      "source": "song:14439",
      "target": "song:10574",
      "type": "InterpolatesFrom"
    },
    {
      "source": "song:14497",
      "target": "song:10574",
      "type": "InStyleOf"
    },
    {
      "source": "song:8773",
      "target": "song:10574",
      "type": "CoverOf"
    },
    {
      "source": "song:5643",
      "target": "song:10574",
      "type": "InStyleOf"
    }
  ]
}