{
  "person_id": 10594,
  "name": "Edward Morgan",
  "stage_name": null,
  "nodes": [
    {
      "id": "song:16616",
      "song_id": 16616,
      "title": "Amplified Whispers",
      "genre": "Post-Apocalyptic Folk",
      "notable": false,
      "release_year": 2020,
      "single": true,
      "own": true,
      "artist_id": 10594,
      "artist_name": "Edward Morgan",
      "influence": 2,
      "influence_breakdown": {
        "cover": 0,
        "sample": 0,
        "reference": 0,
        "style": 1
      },
      "relation_types": []
    },
    {
      "id": "song:14095",
      "song_id": 14095,
      "title": "Sule Skerry's Lament",
      "genre": "Synthwave",
      "notable": true,
      "release_year": 2027,
      "single": false,
      "own": false,
      "artist_id": 14096,
      "artist_name": "Hridaan Rout",
      "influence": 0,
      "influence_breakdown": {
        "cover": 0,
        "sample": 0,
        "reference": 0,
        "style": 0
      },
      "relation_types": [
        "InStyleOf"
      ]
    }
  ],
  "links": [
    {
      "source": "song:14095",
      "target": "song:16616",
      "type": "InStyleOf"
    }
  ]
}