{
  "person_id": 10605,
  "name": "Wei Yao",
  "stage_name": null,
  "nodes": [
    {
      "id": "song:10601",
      "song_id": 10601,
      "title": "Echoes of Unity",
      "genre": "Desert Rock",
      "notable": true,
      "release_year": 2027,
      "single": true,
      "own": true,
      "artist_id": 10605,
      "artist_name": "Wei Yao",
      "influence": 0,
      "influence_breakdown": {
        "cover": 0,
        "sample": 0,
        "reference": 0,
        "style": 0
      },
      "relation_types": []
    }
  ],
  "links": []
}