{
  "person_id": 10614,
  "name": "Femke de Koning-Hendriks",
  "stage_name": null,
  "nodes": [
    {
      "id": "song:10612",
      "song_id": 10612,
      "title": "Tapestry of Freedom",
      "genre": "Southern Gothic Rock",
      "notable": true,
      "release_year": 2012,
      "single": true,
      "own": true,
      "artist_id": 10614,
      "artist_name": "Femke de Koning-Hendriks",
      "influence": 0,
      "influence_breakdown": {
        "cover": 0,
        "sample": 0,
        "reference": 0,
        "style": 0
      },
      "relation_types": []
    }
  ],
  "links": []
}