{
  "person_id": 10640,
  "name": "Tao Deng",
  "stage_name": null,
  "nodes": [
    {
      "id": "song:10636",
      "song_id": 10636,
      "title": "Prophetic Shadows",
      "genre": "Jazz Surf Rock",
      "notable": true,
      "release_year": 2027,
      "single": true,
      "own": true,
      "artist_id": 10640,
      "artist_name": "Tao Deng",
      "influence": 0,
      "influence_breakdown": {
        "cover": 0,
        "sample": 0,
        "reference": 0,
        "style": 0
      },
      "relation_types": []
    }
  ],
  "links": []
}