{
  "person_id": 10646,
  "name": "Xia Qiao",
  "stage_name": null,
  "nodes": [
    {
      "id": "song:10645",
      "song_id": 10645,
      "title": "Intimate Interludes for Ivory Keys",
      "genre": "Synthwave",
      "notable": true,
      "release_year": 2010,
      "single": true,
      "own": true,
      "artist_id": 10646,
      "artist_name": "Xia Qiao",
      "influence": 3,
      "influence_breakdown": {
        "cover": 0,
        "sample": 0,
        "reference": 1,
        "style": 0
      },
      "relation_types": []
    },
    {
      "id": "song:6949",
      "song_id": 6949,
      "title": "Whispered Benedictions",
      "genre": "Indie Rock",
      "notable": true,
      "release_year": 2017,
      "single": true,
      "own": false,
      "artist_id": 6198,
      "artist_name": "Xiuying Cheng",
      "influence": 0,
      "influence_breakdown": {
        "cover": 0,
        "sample": 0,
        "reference": 0,
        "style": 0
      },
      "relation_types": [
        "LyricalReferenceTo"
      ]
    }
  ],
  "links": [
    {
      "source": "song:6949",
      "target": "song:10645",
      "type": "LyricalReferenceTo"
    }
  ]
}