{
  "person_id": 10655,
  "name": "Gregory Kane",
  "stage_name": null,
  "nodes": [
    {
      "id": "song:10653",
      "song_id": 10653,
      "title": "Sensual Sonata Sketches",
      "genre": "Doom Metal",
      "notable": false,
      "release_year": 2022,
      "single": true,
      "own": true,
      "artist_id": 10655,
      "artist_name": "Gregory Kane",
      "influence": 0,
      "influence_breakdown": {
        "cover": 0,
        "sample": 0,
        "reference": 0,
        "style": 0
      },
      "relation_types": []
    }
  ],
  "links": []
}