{
  "person_id": 1066,
  "name": "Franck Hernandez Le Leclerc",
  "stage_name": null,
  "nodes": [
    {
      "id": "song:15254",
      "song_id": 15254,
      "title": "Crown and Country's Heartbeat",
      "genre": "Dream Pop",
      "notable": true,
      "release_year": 2024,
      "single": true,
      "own": true,
      "artist_id": 1066,
      "artist_name": "Franck Hernandez Le Leclerc",
      "influence": 0,
      "influence_breakdown": {
        "cover": 0,
        "sample": 0,
        "reference": 0,
        "style": 0
      },
      "relation_types": []
    },
    {
      "id": "song:13648",
      "song_id": 13648,
      "title": "Whispers in My Sleep",
      "genre": "Doom Metal",
      "notable": true,
      "release_year": 2027,
      "single": true,
      "own": true,
      "artist_id": 1066,
      "artist_name": "Franck Hernandez Le Leclerc",
      "influence": 0,
      "influence_breakdown": {
        "cover": 0,
        "sample": 0,
        "reference": 0,
        "style": 0
      },
      "relation_types": []
    },
    {
      "id": "song:8243",
      "song_id": 8243,
      "title": "Memories Packed in Silent Suitcases",
      "genre": "Doom Metal",
      "notable": false,
      "release_year": 2010,
      "single": false,
      "own": true,
      "artist_id": 1066,
      "artist_name": "Franck Hernandez Le Leclerc",
      "influence": 0,
      "influence_breakdown": {
        "cover": 0,
        "sample": 0,
        "reference": 0,
        "style": 0
      },
      "relation_types": []
    },
    {
      "id": "song:11014",
      "song_id": 11014,
      "title": "Wilderness Melody: A Park's Harmony",
      "genre": "Indie Folk",
      "notable": true,
      "release_year": 2017,
      "single": true,
      "own": true,
      "artist_id": 1066,
      "artist_name": "Franck Hernandez Le Leclerc",
      "influence": 3,
      "influence_breakdown": {
        "cover": 0,
        "sample": 0,
        "reference": 1,
        "style": 0
      },
      "relation_types": []
    },
    {
      "id": "song:16274",
      "song_id": 16274,
      "title": "Stately Procession",
      "genre": "Indie Folk",
      "notable": true,
      "release_year": 2013,
      "single": true,
      "own": true,
      "artist_id": 1066,
      "artist_name": "Franck Hernandez Le Leclerc",
      "influence": 10,
      "influence_breakdown": {
        "cover": 2,
        "sample": 0,
        "reference": 0,
        "style": 0
      },
      "relation_types": []
    }
  ],
  "links": [
    {
      "source": "song:15254",
      "target": "song:16274",
      "type": "CoverOf"
    },
    {
      "source": "song:15254",
      "target": "song:11014",
      "type": "InterpolatesFrom"
    },
    {
      "source": "song:11014",
      "target": "song:16274",
      "type": "CoverOf"
    }
  ]
}