{
  "person_id": 10669,
  "name": "Yan Kang",
  "stage_name": null,
  "nodes": [
    {
      "id": "song:11729",
      "song_id": 11729,
      "title": "Whispers of Unexpected Joy",
      "genre": "Americana",
      "notable": true,
      "release_year": 2013,
      "single": true,
      "own": true,
      "artist_id": 10669,
      "artist_name": "Yan Kang",
      "influence": 0,
      "influence_breakdown": {
        "cover": 0,
        "sample": 0,
        "reference": 0,
        "style": 0
      },
      "relation_types": []
    }
  ],
  "links": []
}