{
  "person_id": 1071,
  "name": "Gang Zhou",
  "stage_name": null,
  "nodes": [
    {
      "id": "song:1069",
      "song_id": 1069,
      "title": "Behind the Picture Glass",
      "genre": "Synthwave",
      "notable": true,
      "release_year": 2026,
      "single": true,
      "own": true,
      "artist_id": 1071,
      "artist_name": "Gang Zhou",
      "influence": 2,
      "influence_breakdown": {
        "cover": 0,
        "sample": 0,
        "reference": 0,
        "style": 1
      },
      "relation_types": []
    },
    {
      "id": "song:9090",
      "song_id": 9090,
      "title": "Palms of Passage",
      "genre": "Oceanus Folk",
      "notable": true,
      "release_year": 2028,
      "single": true,
      "own": false,
      "artist_id": 9091,
      "artist_name": "Xiulan Zhou",
      "influence": 0,
      "influence_breakdown": {
        "cover": 0,
        "sample": 0,
        "reference": 0,
        "style": 0
      },
      "relation_types": [
        "InStyleOf"
      ]
    }
  ],
  "links": [
    {
      "source": "song:9090",
      "target": "song:1069",
      "type": "InStyleOf"
    }
  ]
}