{
  "person_id": 10725,
  "name": "Guiying Mo",
  "stage_name": null,
  "nodes": [
    {
      "id": "song:11910",
      "song_id": 11910,
      "title": "Silk Glove Rendezvous",
      "genre": "Synthwave",
      "notable": true,
      "release_year": 2013,
      "single": true,
      "own": true,
      "artist_id": 10725,
      "artist_name": "Guiying Mo",
      "influence": 0,
      "influence_breakdown": {
        "cover": 0,
        "sample": 0,
        "reference": 0,
        "style": 0
      },
      "relation_types": []
    }
  ],
  "links": []
}