{
  "person_id": 10734,
  "name": "Juan Cao",
  "stage_name": null,
  "nodes": [
    {
      "id": "song:10730",
      "song_id": 10730,
      "title": "Unwritten Memories",
      "genre": "Psychedelic Rock",
      "notable": true,
      "release_year": 2013,
      "single": true,
      "own": true,
      "artist_id": 10734,
      "artist_name": "Juan Cao",
      "influence": 0,
      "influence_breakdown": {
        "cover": 0,
        "sample": 0,
        "reference": 0,
        "style": 0
      },
      "relation_types": []
    }
  ],
  "links": []
}