{
  "person_id": 10760,
  "name": "Cyprian Goss",
  "stage_name": null,
  "nodes": [
    {
      "id": "song:10759",
      "song_id": 10759,
      "title": "Whispers of Your Memory",
      "genre": "Avant-Garde Folk",
      "notable": true,
      "release_year": 2017,
      "single": true,
      "own": true,
      "artist_id": 10760,
      "artist_name": "Cyprian Goss",
      "influence": 0,
      "influence_breakdown": {
        "cover": 0,
        "sample": 0,
        "reference": 0,
        "style": 0
      },
      "relation_types": []
    }
  ],
  "links": []
}