{
  "person_id": 1077,
  "name": "Kaylee Quinn",
  "stage_name": null,
  "nodes": [
    {
      "id": "song:1076",
      "song_id": 1076,
      "title": "Snapshot Shadows",
      "genre": "Dream Pop",
      "notable": true,
      "release_year": 2025,
      "single": true,
      "own": true,
      "artist_id": 1077,
      "artist_name": "Kaylee Quinn",
      "influence": 0,
      "influence_breakdown": {
        "cover": 0,
        "sample": 0,
        "reference": 0,
        "style": 0
      },
      "relation_types": []
    },
    {
      "id": "song:6603",
      "song_id": 6603,
      "title": "Can't Get Enough of Us",
      "genre": "Jazz Surf Rock",
      "notable": true,
      "release_year": 2028,
      "single": true,
      "own": true,
      "artist_id": 1077,
      "artist_name": "Kaylee Quinn",
      "influence": 0,
      "influence_breakdown": {
        "cover": 0,
        "sample": 0,
        "reference": 0,
        "style": 0
      },
      "relation_types": []
    }
  ],
  "links": []
}