{
  "person_id": 1078,
  "name": "Na Yan",
  "stage_name": null,
  "nodes": [
    {
      "id": "song:1076",
      "song_id": 1076,
      "title": "Snapshot Shadows",
      "genre": "Dream Pop",
      "notable": true,
      "release_year": 2025,
      "single": true,
      "own": true,
      "artist_id": 1078,
      "artist_name": "Na Yan",
      "influence": 0,
      "influence_breakdown": {
        "cover": 0,
        "sample": 0,
        "reference": 0,
        "style": 0
      },
      "relation_types": []
    }
  ],
  "links": []
}