{
  "person_id": 1079,
  "name": "Qiang Yuan",
  "stage_name": null,
  "nodes": [
    {
      "id": "song:7116",
      "song_id": 7116,
      "title": "Suffering's Embrace",
      "genre": "Doom Metal",
      "notable": true,
      "release_year": 2007,
      "single": true,
      "own": true,
      "artist_id": 1079,
      "artist_name": "Qiang Yuan",
      "influence": 103,
      "influence_breakdown": {
        "cover": 5,
        "sample": 3,
        "reference": 16,
        "style": 9
      },
      "relation_types": []
    },
    {
      "id": "song:1076",
      "song_id": 1076,
      "title": "Snapshot Shadows",
      "genre": "Dream Pop",
      "notable": true,
      "release_year": 2025,
      "single": true,
      "own": true,
      "artist_id": 1079,
      "artist_name": "Qiang Yuan",
      "influence": 0,
      "influence_breakdown": {
        "cover": 0,
        "sample": 0,
        "reference": 0,
        "style": 0
      },
      "relation_types": []
    },
    {
      "id": "song:6006",
      "song_id": 6006,
      "title": "Mercy's Endless Tide",
      "genre": "Doom Metal",
      "notable": true,
      "release_year": 2004,
      "single": true,
      "own": true,
      "artist_id": 1079,
      "artist_name": "Qiang Yuan",
      "influence": 170,
      "influence_breakdown": {
        "cover": 9,
        "sample": 6,
        "reference": 21,
        "style": 19
      },
      "relation_types": []
    },
    {
      "id": "song:5181",
      "song_id": 5181,
      "title": "Dancing Through Numbered Paths",
      "genre": "Dream Pop",
      "notable": true,
      "release_year": 2018,
      "single": true,
      "own": true,
      "artist_id": 1079,
      "artist_name": "Qiang Yuan",
      "influence": 2,
      "influence_breakdown": {
        "cover": 0,
        "sample": 0,
        "reference": 0,
        "style": 1
      },
      "relation_types": []
    },
    {
      "id": "song:48",
      "song_id": 48,
      "title": "Arcane Whispers",
      "genre": "Indie Folk",
      "notable": true,
      "release_year": 2017,
      "single": false,
      "own": false,
      "artist_id": 50,
      "artist_name": "Tao Zeng",
      "influence": 0,
      "influence_breakdown": {
        "cover": 0,
        "sample": 0,
        "reference": 0,
        "style": 0
      },
      "relation_types": [
        "DirectlySamples"
      ]
    },
    {
      "id": "song:1709",
      "song_id": 1709,
      "title": "Peaks of Solitude",
      "genre": "Synthwave",
      "notable": true,
      "release_year": 2026,
      "single": true,
      "own": false,
      "artist_id": 1710,
      "artist_name": "Ping Bai",
      "influence": 0,
      "influence_breakdown": {
        "cover": 0,
        "sample": 0,
        "reference": 0,
        "style": 0
      },
      "relation_types": [
        "CoverOf"
      ]
    },
    {
      "id": "song:1939",
      "song_id": 1939,
      "title": "Paths Untrodden",
      "genre": "Space Rock",
      "notable": true,
      "release_year": 2026,
      "single": true,
      "own": false,
      "artist_id": 1940,
      "artist_name": "Lei Shen",
      "influence": 0,
      "influence_breakdown": {
        "cover": 0,
        "sample": 0,
        "reference": 0,
        "style": 0
      },
      "relation_types": [
        "InterpolatesFrom"
      ]
    },
    {
      "id": "song:1984",
      "song_id": 1984,
      "title": "Twilight in the Woodland Clearing",
      "genre": "Desert Rock",
      "notable": true,
      "release_year": 2029,
      "single": true,
      "own": false,
      "artist_id": 1752,
      "artist_name": "Tao Cui",
      "influence": 0,
      "influence_breakdown": {
        "cover": 0,
        "sample": 0,
        "reference": 0,
        "style": 0
      },
      "relation_types": [
        "DirectlySamples"
      ]
    },
    {
      "id": "song:3438",
      "song_id": 3438,
      "title": "Justice Rides Alone",
      "genre": "Synthwave",
      "notable": true,
      "release_year": 2029,
      "single": true,
      "own": false,
      "artist_id": 3439,
      "artist_name": "Fang Gu",
      "influence": 0,
      "influence_breakdown": {
        "cover": 0,
        "sample": 0,
        "reference": 0,
        "style": 0
      },
      "relation_types": [
        "LyricalReferenceTo"
      ]
    },
    {
      "id": "song:4892",
      "song_id": 4892,
      "title": "Beneath the Mask",
      "genre": "Jazz Surf Rock",
      "notable": true,
      "release_year": 2027,
      "single": true,
      "own": false,
      "artist_id": 4893,
      "artist_name": "Jie Mao",
      "influence": 0,
      "influence_breakdown": {
        "cover": 0,
        "sample": 0,
        "reference": 0,
        "style": 0
      },
      "relation_types": [
        "InterpolatesFrom"
      ]
    },
    {
      "id": "song:5415",
      "song_id": 5415,
      "title": "Walborg's Lament",
      "genre": "Darkwave",
      "notable": true,
      "release_year": 2028,
      "single": true,
      "own": false,
      "artist_id": 4058,
      "artist_name": "Xiuying Qiu",
      "influence": 0,
      "influence_breakdown": {
        "cover": 0,
        "sample": 0,
        "reference": 0,
        "style": 0
      },
      "relation_types": [
        "LyricalReferenceTo"
      ]
    },
    {
      "id": "song:5492",
      "song_id": 5492,
      "title": "The Covenant We Share",
      "genre": "Indie Folk",
      "notable": true,
      "release_year": 2023,
      "single": true,
      "own": false,
      "artist_id": 2023,
      "artist_name": "Qiang Tang",
      "influence": 0,
      "influence_breakdown": {
        "cover": 0,
        "sample": 0,
        "reference": 0,
        "style": 0
      },
      "relation_types": [
        "InStyleOf"
      ]
    },
    {
      "id": "song:6087",
      "song_id": 6087,
      "title": "Celestial Maiden's Lament",
      "genre": "Doom Metal",
      "notable": true,
      "release_year": 2025,
      "single": true,
      "own": false,
      "artist_id": 1410,
      "artist_name": "Guiying Yan",
      "influence": 0,
      "influence_breakdown": {
        "cover": 0,
        "sample": 0,
        "reference": 0,
        "style": 0
      },
      "relation_types": [
        "InStyleOf"
      ]
    },
    {
      "id": "song:6521",
      "song_id": 6521,
      "title": "Revolutionary Shadows",
      "genre": "Doom Metal",
      "notable": true,
      "release_year": 2028,
      "single": true,
      "own": false,
      "artist_id": 1241,
      "artist_name": "Fang Su",
      "influence": 0,
      "influence_breakdown": {
        "cover": 0,
        "sample": 0,
        "reference": 0,
        "style": 0
      },
      "relation_types": [
        "InStyleOf"
      ]
    },
    {
      "id": "song:6827",
      "song_id": 6827,
      "title": "Fading Echoes",
      "genre": "Doom Metal",
      "notable": true,
      "release_year": 2027,
      "single": true,
      "own": false,
      "artist_id": 20,
      "artist_name": "Xiuying Meng",
      "influence": 0,
      "influence_breakdown": {
        "cover": 0,
        "sample": 0,
        "reference": 0,
        "style": 0
      },
      "relation_types": [
        "InStyleOf",
        "InterpolatesFrom"
      ]
    },
    {
      "id": "song:8118",
      "song_id": 8118,
      "title": "Operator's Lament",
      "genre": "Desert Rock",
      "notable": true,
      "release_year": 2023,
      "single": true,
      "own": false,
      "artist_id": 5038,
      "artist_name": "Min He",
      "influence": 0,
      "influence_breakdown": {
        "cover": 0,
        "sample": 0,
        "reference": 0,
        "style": 0
      },
      "relation_types": [
        "LyricalReferenceTo"
      ]
    },
    {
      "id": "song:8251",
      "song_id": 8251,
      "title": "Gerak Membangun Desa",
      "genre": "Doom Metal",
      "notable": true,
      "release_year": 2017,
      "single": true,
      "own": false,
      "artist_id": 1277,
      "artist_name": "Min Kong",
      "influence": 0,
      "influence_breakdown": {
        "cover": 0,
        "sample": 0,
        "reference": 0,
        "style": 0
      },
      "relation_types": [
        "InStyleOf"
      ]
    },
    {
      "id": "song:8389",
      "song_id": 8389,
      "title": "Mansions of Loneliness",
      "genre": "Indie Folk",
      "notable": true,
      "release_year": 2020,
      "single": true,
      "own": false,
      "artist_id": 8390,
      "artist_name": "Min Fan",
      "influence": 0,
      "influence_breakdown": {
        "cover": 0,
        "sample": 0,
        "reference": 0,
        "style": 0
      },
      "relation_types": [
        "CoverOf"
      ]
    },
    {
      "id": "song:8553",
      "song_id": 8553,
      "title": "Cội Nguồn Bất Diệt (Immortal Roots)",
      "genre": "Indie Folk",
      "notable": true,
      "release_year": 2029,
      "single": true,
      "own": false,
      "artist_id": 90,
      "artist_name": "Xiulan Li",
      "influence": 0,
      "influence_breakdown": {
        "cover": 0,
        "sample": 0,
        "reference": 0,
        "style": 0
      },
      "relation_types": [
        "LyricalReferenceTo"
      ]
    },
    {
      "id": "song:9245",
      "song_id": 9245,
      "title": "When the Silence Settles",
      "genre": "Doom Metal",
      "notable": true,
      "release_year": 2023,
      "single": true,
      "own": false,
      "artist_id": 4816,
      "artist_name": "Xia Xue",
      "influence": 0,
      "influence_breakdown": {
        "cover": 0,
        "sample": 0,
        "reference": 0,
        "style": 0
      },
      "relation_types": [
        "CoverOf"
      ]
    },
    {
      "id": "song:9414",
      "song_id": 9414,
      "title": "Whispers of the Blue and Yellow",
      "genre": "Doom Metal",
      "notable": true,
      "release_year": 2024,
      "single": true,
      "own": false,
      "artist_id": 1219,
      "artist_name": "Yan Cai",
      "influence": 0,
      "influence_breakdown": {
        "cover": 0,
        "sample": 0,
        "reference": 0,
        "style": 0
      },
      "relation_types": [
        "DirectlySamples"
      ]
    },
    {
      "id": "song:9696",
      "song_id": 9696,
      "title": "Resolute Path",
      "genre": "Synthwave",
      "notable": true,
      "release_year": 2020,
      "single": true,
      "own": false,
      "artist_id": 9697,
      "artist_name": "Na Zhang",
      "influence": 0,
      "influence_breakdown": {
        "cover": 0,
        "sample": 0,
        "reference": 0,
        "style": 0
      },
      "relation_types": [
        "LyricalReferenceTo"
      ]
    },
    {
      "id": "song:9759",
      "song_id": 9759,
      "title": "Radiant Spirit",
      "genre": "Synthwave",
      "notable": true,
      "release_year": 2029,
      "single": true,
      "own": false,
      "artist_id": 163,
      "artist_name": "Regina Hesse",
      "influence": 0,
      "influence_breakdown": {
        "cover": 0,
        "sample": 0,
        "reference": 0,
        "style": 0
      },
      "relation_types": [
        "LyricalReferenceTo"
      ]
    },
    {
      "id": "song:9966",
      "song_id": 9966,
      "title": "Generations Unborn",
      "genre": "Indie Folk",
      "notable": true,
      "release_year": 2020,
      "single": true,
      "own": false,
      "artist_id": 1219,
      "artist_name": "Yan Cai",
      "influence": 0,
      "influence_breakdown": {
        "cover": 0,
        "sample": 0,
        "reference": 0,
        "style": 0
      },
      "relation_types": [
        "InStyleOf"
      ]
    },
    {
      "id": "song:10169",
      "song_id": 10169,
      "title": "Dreamscape Dining at Dawn",
      "genre": "Doom Metal",
      "notable": true,
      "release_year": 2023,
      "single": true,
      "own": false,
      "artist_id": 8780,
      "artist_name": "April Johnson",
      "influence": 0,
      "influence_breakdown": {
        "cover": 0,
        "sample": 0,
        "reference": 0,
        "style": 0
      },
      "relation_types": [
        "InterpolatesFrom"
      ]
    },
    {
      "id": "song:11726",
      "song_id": 11726,
      "title": "Today Feels Like Forever",
      "genre": "Indie Folk",
      "notable": true,
      "release_year": 2017,
      "single": true,
      "own": false,
      "artist_id": 11727,
      "artist_name": "Na Hou",
      "influence": 0,
      "influence_breakdown": {
        "cover": 0,
        "sample": 0,
        "reference": 0,
        "style": 0
      },
      "relation_types": [
        "InterpolatesFrom"
      ]
    },
    {
      "id": "song:12245",
      "song_id": 12245,
      "title": "Harbor Harmony",
      "genre": "Indie Folk",
      "notable": true,
      "release_year": 2017,
      "single": true,
      "own": false,
      "artist_id": 8254,
      "artist_name": "Joseph Alvarado",
      "influence": 0,
      "influence_breakdown": {
        "cover": 0,
        "sample": 0,
        "reference": 0,
        "style": 0
      },
      "relation_types": [
        "InterpolatesFrom"
      ]
    },
    {
      "id": "song:12608",
      "song_id": 12608,
      "title": "Wandering Bear, Gentle Soul",
      "genre": "Synthwave",
      "notable": true,
      "release_year": 2020,
      "single": true,
      "own": false,
      "artist_id": 3447,
      "artist_name": "Li Gu",
      "influence": 0,
      "influence_breakdown": {
        "cover": 0,
        "sample": 0,
        "reference": 0,
        "style": 0
      },
      "relation_types": [
        "InStyleOf"
      ]
    },
    {
      "id": "song:12858",
      "song_id": 12858,
      "title": "Parade of Painted Spirits",
      "genre": "Doom Metal",
      "notable": true,
      "release_year": 2023,
      "single": true,
      "own": false,
      "artist_id": 305,
      "artist_name": "Bekir Bruder",
      "influence": 0,
      "influence_breakdown": {
        "cover": 0,
        "sample": 0,
        "reference": 0,
        "style": 0
      },
      "relation_types": [
        "InStyleOf"
      ]
    },
    {
      "id": "song:13064",
      "song_id": 13064,
      "title": "Friend Today, Stranger Tomorrow",
      "genre": "Indie Folk",
      "notable": true,
      "release_year": 2023,
      "single": true,
      "own": false,
      "artist_id": 13066,
      "artist_name": "Shane Clark",
      "influence": 0,
      "influence_breakdown": {
        "cover": 0,
        "sample": 0,
        "reference": 0,
        "style": 0
      },
      "relation_types": [
        "InterpolatesFrom"
      ]
    },
    {
      "id": "song:14329",
      "song_id": 14329,
      "title": "Falling Shadows",
      "genre": "Synthwave",
      "notable": true,
      "release_year": 2026,
      "single": true,
      "own": false,
      "artist_id": 14330,
      "artist_name": "Shota Ito",
      "influence": 0,
      "influence_breakdown": {
        "cover": 0,
        "sample": 0,
        "reference": 0,
        "style": 0
      },
      "relation_types": [
        "CoverOf",
        "InterpolatesFrom"
      ]
    },
    {
      "id": "song:14626",
      "song_id": 14626,
      "title": "Silk Road Requiem",
      "genre": "Synthwave",
      "notable": true,
      "release_year": 2024,
      "single": true,
      "own": false,
      "artist_id": 3576,
      "artist_name": "Brandon Ramirez",
      "influence": 0,
      "influence_breakdown": {
        "cover": 0,
        "sample": 0,
        "reference": 0,
        "style": 0
      },
      "relation_types": [
        "CoverOf"
      ]
    },
    {
      "id": "song:15009",
      "song_id": 15009,
      "title": "Hungarian Rhapsody for Cello and Whispered Keys",
      "genre": "Indie Folk",
      "notable": true,
      "release_year": 2017,
      "single": true,
      "own": false,
      "artist_id": 1277,
      "artist_name": "Min Kong",
      "influence": 0,
      "influence_breakdown": {
        "cover": 0,
        "sample": 0,
        "reference": 0,
        "style": 0
      },
      "relation_types": [
        "LyricalReferenceTo"
      ]
    },
    {
      "id": "song:15057",
      "song_id": 15057,
      "title": "Nordiske stemninger",
      "genre": "Indie Folk",
      "notable": true,
      "release_year": 2029,
      "single": true,
      "own": false,
      "artist_id": 15058,
      "artist_name": "Jun Wan",
      "influence": 0,
      "influence_breakdown": {
        "cover": 0,
        "sample": 0,
        "reference": 0,
        "style": 0
      },
      "relation_types": [
        "InStyleOf"
      ]
    },
    {
      "id": "song:15160",
      "song_id": 15160,
      "title": "Echoes of Nasso",
      "genre": "Indie Folk",
      "notable": true,
      "release_year": 2029,
      "single": false,
      "own": false,
      "artist_id": 5479,
      "artist_name": "Susan Edwards",
      "influence": 0,
      "influence_breakdown": {
        "cover": 0,
        "sample": 0,
        "reference": 0,
        "style": 0
      },
      "relation_types": [
        "CoverOf"
      ]
    },
    {
      "id": "song:15565",
      "song_id": 15565,
      "title": "Spiral Staircase to Mercury",
      "genre": "Space Rock",
      "notable": true,
      "release_year": 2026,
      "single": true,
      "own": false,
      "artist_id": 15566,
      "artist_name": "Yan Zhou",
      "influence": 0,
      "influence_breakdown": {
        "cover": 0,
        "sample": 0,
        "reference": 0,
        "style": 0
      },
      "relation_types": [
        "LyricalReferenceTo"
      ]
    },
    {
      "id": "song:16705",
      "song_id": 16705,
      "title": "Pasir Putih Memories",
      "genre": "Synthwave",
      "notable": true,
      "release_year": 2017,
      "single": true,
      "own": false,
      "artist_id": 3575,
      "artist_name": "Juan Li",
      "influence": 0,
      "influence_breakdown": {
        "cover": 0,
        "sample": 0,
        "reference": 0,
        "style": 0
      },
      "relation_types": [
        "LyricalReferenceTo"
      ]
    },
    {
      "id": "song:86",
      "song_id": 86,
      "title": "Retro-Rhythmen Der 80er",
      "genre": "Americana",
      "notable": true,
      "release_year": 2013,
      "single": true,
      "own": false,
      "artist_id": 87,
      "artist_name": "Jun Gu",
      "influence": 0,
      "influence_breakdown": {
        "cover": 0,
        "sample": 0,
        "reference": 0,
        "style": 0
      },
      "relation_types": [
        "CoverOf"
      ]
    },
    {
      "id": "song:283",
      "song_id": 283,
      "title": "Unbreakable Bond",
      "genre": "Dream Pop",
      "notable": true,
      "release_year": 2029,
      "single": true,
      "own": false,
      "artist_id": 284,
      "artist_name": "Liza Rijcken",
      "influence": 0,
      "influence_breakdown": {
        "cover": 0,
        "sample": 0,
        "reference": 0,
        "style": 0
      },
      "relation_types": [
        "CoverOf"
      ]
    },
    {
      "id": "song:962",
      "song_id": 962,
      "title": "El Eco de Mis Sentidos (The Echo of My Senses)",
      "genre": "Indie Folk",
      "notable": true,
      "release_year": 2013,
      "single": true,
      "own": false,
      "artist_id": 964,
      "artist_name": "Anouk Rivière",
      "influence": 0,
      "influence_breakdown": {
        "cover": 0,
        "sample": 0,
        "reference": 0,
        "style": 0
      },
      "relation_types": [
        "InStyleOf"
      ]
    },
    {
      "id": "song:1091",
      "song_id": 1091,
      "title": "Alevi Dağlarının Türküsü (Ballad of the Alevi Mountains)",
      "genre": "Space Rock",
      "notable": true,
      "release_year": 2026,
      "single": false,
      "own": false,
      "artist_id": 1094,
      "artist_name": "Xiulan Tang",
      "influence": 0,
      "influence_breakdown": {
        "cover": 0,
        "sample": 0,
        "reference": 0,
        "style": 0
      },
      "relation_types": [
        "InStyleOf"
      ]
    },
    {
      "id": "song:2238",
      "song_id": 2238,
      "title": "Love's Courageous Path",
      "genre": "Synthwave",
      "notable": true,
      "release_year": 2009,
      "single": true,
      "own": false,
      "artist_id": 2240,
      "artist_name": "Jing Yi",
      "influence": 0,
      "influence_breakdown": {
        "cover": 0,
        "sample": 0,
        "reference": 0,
        "style": 0
      },
      "relation_types": [
        "LyricalReferenceTo"
      ]
    },
    {
      "id": "song:3088",
      "song_id": 3088,
      "title": "Whispers Across the Distance",
      "genre": "Psychedelic Rock",
      "notable": true,
      "release_year": 2021,
      "single": false,
      "own": false,
      "artist_id": 1556,
      "artist_name": "Yumiko Ito",
      "influence": 0,
      "influence_breakdown": {
        "cover": 0,
        "sample": 0,
        "reference": 0,
        "style": 0
      },
      "relation_types": [
        "InterpolatesFrom"
      ]
    },
    {
      "id": "song:3136",
      "song_id": 3136,
      "title": "Softly Ascending Harmonies",
      "genre": "Desert Rock",
      "notable": true,
      "release_year": 2027,
      "single": true,
      "own": false,
      "artist_id": 1519,
      "artist_name": "Min Lei",
      "influence": 0,
      "influence_breakdown": {
        "cover": 0,
        "sample": 0,
        "reference": 0,
        "style": 0
      },
      "relation_types": [
        "InterpolatesFrom"
      ]
    },
    {
      "id": "song:3332",
      "song_id": 3332,
      "title": "The Art of Emotional Destruction",
      "genre": "Indie Folk",
      "notable": true,
      "release_year": 2020,
      "single": true,
      "own": false,
      "artist_id": 1499,
      "artist_name": "Bernfried Stolze",
      "influence": 0,
      "influence_breakdown": {
        "cover": 0,
        "sample": 0,
        "reference": 0,
        "style": 0
      },
      "relation_types": [
        "CoverOf"
      ]
    },
    {
      "id": "song:3956",
      "song_id": 3956,
      "title": "Eternal Light Descends",
      "genre": "Oceanus Folk",
      "notable": true,
      "release_year": 2023,
      "single": true,
      "own": false,
      "artist_id": 3957,
      "artist_name": "Juan Qiao",
      "influence": 0,
      "influence_breakdown": {
        "cover": 0,
        "sample": 0,
        "reference": 0,
        "style": 0
      },
      "relation_types": [
        "InStyleOf"
      ]
    },
    {
      "id": "song:4140",
      "song_id": 4140,
      "title": "Moonlight and Melodic Defiance",
      "genre": "Synthwave",
      "notable": true,
      "release_year": 2026,
      "single": true,
      "own": false,
      "artist_id": 4141,
      "artist_name": "Ping Zhong",
      "influence": 0,
      "influence_breakdown": {
        "cover": 0,
        "sample": 0,
        "reference": 0,
        "style": 0
      },
      "relation_types": [
        "InStyleOf"
      ]
    },
    {
      "id": "song:4322",
      "song_id": 4322,
      "title": "Plameny našich vzpomínek",
      "genre": "Doom Metal",
      "notable": true,
      "release_year": 2017,
      "single": true,
      "own": false,
      "artist_id": 4324,
      "artist_name": "Xiulan Dong",
      "influence": 0,
      "influence_breakdown": {
        "cover": 0,
        "sample": 0,
        "reference": 0,
        "style": 0
      },
      "relation_types": [
        "LyricalReferenceTo"
      ]
    },
    {
      "id": "song:4814",
      "song_id": 4814,
      "title": "Solitude's Symphony",
      "genre": "Doom Metal",
      "notable": true,
      "release_year": 2015,
      "single": false,
      "own": false,
      "artist_id": 1241,
      "artist_name": "Fang Su",
      "influence": 0,
      "influence_breakdown": {
        "cover": 0,
        "sample": 0,
        "reference": 0,
        "style": 0
      },
      "relation_types": [
        "InterpolatesFrom"
      ]
    },
    {
      "id": "song:4818",
      "song_id": 4818,
      "title": "Unaccompanied Heart",
      "genre": "Doom Metal",
      "notable": true,
      "release_year": 2018,
      "single": true,
      "own": false,
      "artist_id": 4820,
      "artist_name": "Juan Wu",
      "influence": 0,
      "influence_breakdown": {
        "cover": 0,
        "sample": 0,
        "reference": 0,
        "style": 0
      },
      "relation_types": [
        "InterpolatesFrom"
      ]
    },
    {
      "id": "song:5181",
      "song_id": 5181,
      "title": "Dancing Through Numbered Paths",
      "genre": "Dream Pop",
      "notable": true,
      "release_year": 2018,
      "single": true,
      "own": true,
      "artist_id": 1079,
      "artist_name": "Qiang Yuan",
      "influence": 0,
      "influence_breakdown": {
        "cover": 0,
        "sample": 0,
        "reference": 0,
        "style": 0
      },
      "relation_types": [
        "LyricalReferenceTo"
      ]
    },
    {
      "id": "song:5376",
      "song_id": 5376,
      "title": "Island Resolve",
      "genre": "Desert Rock",
      "notable": true,
      "release_year": 2022,
      "single": true,
      "own": false,
      "artist_id": 5377,
      "artist_name": "Juan Lai",
      "influence": 0,
      "influence_breakdown": {
        "cover": 0,
        "sample": 0,
        "reference": 0,
        "style": 0
      },
      "relation_types": [
        "InStyleOf"
      ]
    },
    {
      "id": "song:5514",
      "song_id": 5514,
      "title": "Blossom Rhythm",
      "genre": "Doom Metal",
      "notable": true,
      "release_year": 2023,
      "single": false,
      "own": false,
      "artist_id": 5515,
      "artist_name": "Herr Folkert Vogt",
      "influence": 0,
      "influence_breakdown": {
        "cover": 0,
        "sample": 0,
        "reference": 0,
        "style": 0
      },
      "relation_types": [
        "CoverOf"
      ]
    },
    {
      "id": "song:6080",
      "song_id": 6080,
      "title": "Starlit Chains",
      "genre": "Doom Metal",
      "notable": true,
      "release_year": 2013,
      "single": true,
      "own": false,
      "artist_id": 6081,
      "artist_name": "Lei Qin",
      "influence": 0,
      "influence_breakdown": {
        "cover": 0,
        "sample": 0,
        "reference": 0,
        "style": 0
      },
      "relation_types": [
        "InStyleOf"
      ]
    },
    {
      "id": "song:6788",
      "song_id": 6788,
      "title": "The Whispers of Jakez",
      "genre": "Indie Folk",
      "notable": true,
      "release_year": 2013,
      "single": true,
      "own": false,
      "artist_id": 3158,
      "artist_name": "Jing Wang",
      "influence": 0,
      "influence_breakdown": {
        "cover": 0,
        "sample": 0,
        "reference": 0,
        "style": 0
      },
      "relation_types": [
        "InterpolatesFrom"
      ]
    },
    {
      "id": "song:7092",
      "song_id": 7092,
      "title": "Meadow's Whisper",
      "genre": "Synthwave",
      "notable": true,
      "release_year": 2025,
      "single": true,
      "own": false,
      "artist_id": 7094,
      "artist_name": "Li Xue",
      "influence": 0,
      "influence_breakdown": {
        "cover": 0,
        "sample": 0,
        "reference": 0,
        "style": 0
      },
      "relation_types": [
        "DirectlySamples"
      ]
    },
    {
      "id": "song:7479",
      "song_id": 7479,
      "title": "Sips and Secrets",
      "genre": "Doom Metal",
      "notable": true,
      "release_year": 2026,
      "single": true,
      "own": false,
      "artist_id": 7480,
      "artist_name": "Wei Yuan",
      "influence": 0,
      "influence_breakdown": {
        "cover": 0,
        "sample": 0,
        "reference": 0,
        "style": 0
      },
      "relation_types": [
        "DirectlySamples"
      ]
    },
    {
      "id": "song:7793",
      "song_id": 7793,
      "title": "Christ's Eternal Promise",
      "genre": "Synthwave",
      "notable": true,
      "release_year": 2023,
      "single": true,
      "own": false,
      "artist_id": 7794,
      "artist_name": "Jing Zou",
      "influence": 0,
      "influence_breakdown": {
        "cover": 0,
        "sample": 0,
        "reference": 0,
        "style": 0
      },
      "relation_types": [
        "LyricalReferenceTo"
      ]
    },
    {
      "id": "song:8477",
      "song_id": 8477,
      "title": "Thursday Night Fever",
      "genre": "Synthwave",
      "notable": true,
      "release_year": 2017,
      "single": true,
      "own": false,
      "artist_id": 8479,
      "artist_name": "Laura Brown (Hunter Miles)",
      "influence": 0,
      "influence_breakdown": {
        "cover": 0,
        "sample": 0,
        "reference": 0,
        "style": 0
      },
      "relation_types": [
        "InStyleOf"
      ]
    },
    {
      "id": "song:8547",
      "song_id": 8547,
      "title": "Tiếng Việt Trong Tim (Vietnamese in My Heart)",
      "genre": "Synthwave",
      "notable": true,
      "release_year": 2027,
      "single": true,
      "own": false,
      "artist_id": 2976,
      "artist_name": "Xia Feng",
      "influence": 0,
      "influence_breakdown": {
        "cover": 0,
        "sample": 0,
        "reference": 0,
        "style": 0
      },
      "relation_types": [
        "InStyleOf"
      ]
    },
    {
      "id": "song:8587",
      "song_id": 8587,
      "title": "Cornfield Memories",
      "genre": "Synthwave",
      "notable": true,
      "release_year": 2013,
      "single": true,
      "own": false,
      "artist_id": 648,
      "artist_name": "Jie Zheng",
      "influence": 0,
      "influence_breakdown": {
        "cover": 0,
        "sample": 0,
        "reference": 0,
        "style": 0
      },
      "relation_types": [
        "InStyleOf"
      ]
    },
    {
      "id": "song:9630",
      "song_id": 9630,
      "title": "Whispers of Annabel",
      "genre": "Synthwave",
      "notable": true,
      "release_year": 2017,
      "single": true,
      "own": false,
      "artist_id": 1866,
      "artist_name": "Na Peng",
      "influence": 0,
      "influence_breakdown": {
        "cover": 0,
        "sample": 0,
        "reference": 0,
        "style": 0
      },
      "relation_types": [
        "CoverOf"
      ]
    },
    {
      "id": "song:9803",
      "song_id": 9803,
      "title": "Crossroads of Chance",
      "genre": "Doom Metal",
      "notable": true,
      "release_year": 2007,
      "single": true,
      "own": false,
      "artist_id": 891,
      "artist_name": "Jie Fan",
      "influence": 0,
      "influence_breakdown": {
        "cover": 0,
        "sample": 0,
        "reference": 0,
        "style": 0
      },
      "relation_types": [
        "LyricalReferenceTo"
      ]
    },
    {
      "id": "song:9982",
      "song_id": 9982,
      "title": "Liminal Whispers",
      "genre": "Doom Metal",
      "notable": true,
      "release_year": 2023,
      "single": true,
      "own": false,
      "artist_id": 5539,
      "artist_name": "Sean Rodgers",
      "influence": 0,
      "influence_breakdown": {
        "cover": 0,
        "sample": 0,
        "reference": 0,
        "style": 0
      },
      "relation_types": [
        "DirectlySamples"
      ]
    },
    {
      "id": "song:10266",
      "song_id": 10266,
      "title": "Rivers of Ancient Memory",
      "genre": "Indie Folk",
      "notable": true,
      "release_year": 2020,
      "single": true,
      "own": false,
      "artist_id": 10267,
      "artist_name": "Mary Mies",
      "influence": 0,
      "influence_breakdown": {
        "cover": 0,
        "sample": 0,
        "reference": 0,
        "style": 0
      },
      "relation_types": [
        "DirectlySamples"
      ]
    },
    {
      "id": "song:10673",
      "song_id": 10673,
      "title": "Gravel Road Home",
      "genre": "Doom Metal",
      "notable": true,
      "release_year": 2013,
      "single": false,
      "own": false,
      "artist_id": 5478,
      "artist_name": "Marilyn Moore",
      "influence": 0,
      "influence_breakdown": {
        "cover": 0,
        "sample": 0,
        "reference": 0,
        "style": 0
      },
      "relation_types": [
        "LyricalReferenceTo"
      ]
    },
    {
      "id": "song:11116",
      "song_id": 11116,
      "title": "Bortom Mörkrets Rand (Beyond the Edge of Darkness)",
      "genre": "Indie Folk",
      "notable": true,
      "release_year": 2010,
      "single": true,
      "own": false,
      "artist_id": 4072,
      "artist_name": "Juan Xue",
      "influence": 0,
      "influence_breakdown": {
        "cover": 0,
        "sample": 0,
        "reference": 0,
        "style": 0
      },
      "relation_types": [
        "InStyleOf"
      ]
    },
    {
      "id": "song:11465",
      "song_id": 11465,
      "title": "Frost-Bitten Love",
      "genre": "Space Rock",
      "notable": true,
      "release_year": 2028,
      "single": false,
      "own": false,
      "artist_id": 648,
      "artist_name": "Jie Zheng",
      "influence": 0,
      "influence_breakdown": {
        "cover": 0,
        "sample": 0,
        "reference": 0,
        "style": 0
      },
      "relation_types": [
        "DirectlySamples"
      ]
    },
    {
      "id": "song:11590",
      "song_id": 11590,
      "title": "Midnight's Descent into Chaos",
      "genre": "Dream Pop",
      "notable": true,
      "release_year": 2026,
      "single": true,
      "own": false,
      "artist_id": 11591,
      "artist_name": "Lei Fan",
      "influence": 0,
      "influence_breakdown": {
        "cover": 0,
        "sample": 0,
        "reference": 0,
        "style": 0
      },
      "relation_types": [
        "InStyleOf"
      ]
    },
    {
      "id": "song:12199",
      "song_id": 12199,
      "title": "Distant Heartstrings",
      "genre": "Doom Metal",
      "notable": true,
      "release_year": 2007,
      "single": true,
      "own": false,
      "artist_id": 1219,
      "artist_name": "Yan Cai",
      "influence": 0,
      "influence_breakdown": {
        "cover": 0,
        "sample": 0,
        "reference": 0,
        "style": 0
      },
      "relation_types": [
        "LyricalReferenceTo"
      ]
    },
    {
      "id": "song:12521",
      "song_id": 12521,
      "title": "Siren's Crosswalk",
      "genre": "Indie Folk",
      "notable": true,
      "release_year": 2010,
      "single": true,
      "own": false,
      "artist_id": 12523,
      "artist_name": "Jun Long",
      "influence": 0,
      "influence_breakdown": {
        "cover": 0,
        "sample": 0,
        "reference": 0,
        "style": 0
      },
      "relation_types": [
        "InterpolatesFrom"
      ]
    },
    {
      "id": "song:12892",
      "song_id": 12892,
      "title": "Memories Never Fade",
      "genre": "Indie Folk",
      "notable": true,
      "release_year": 2020,
      "single": true,
      "own": false,
      "artist_id": 2074,
      "artist_name": "Jean Buisson",
      "influence": 0,
      "influence_breakdown": {
        "cover": 0,
        "sample": 0,
        "reference": 0,
        "style": 0
      },
      "relation_types": [
        "InStyleOf"
      ]
    },
    {
      "id": "song:12936",
      "song_id": 12936,
      "title": "Stay Close, Follow Me",
      "genre": "Synthwave",
      "notable": false,
      "release_year": 2020,
      "single": true,
      "own": false,
      "artist_id": 12938,
      "artist_name": "William Ashley",
      "influence": 0,
      "influence_breakdown": {
        "cover": 0,
        "sample": 0,
        "reference": 0,
        "style": 0
      },
      "relation_types": [
        "DirectlySamples"
      ]
    },
    {
      "id": "song:13129",
      "song_id": 13129,
      "title": "Creole Goddess, Global Icon",
      "genre": "Indie Folk",
      "notable": true,
      "release_year": 2013,
      "single": true,
      "own": false,
      "artist_id": 13130,
      "artist_name": "Qiang Shi",
      "influence": 0,
      "influence_breakdown": {
        "cover": 0,
        "sample": 0,
        "reference": 0,
        "style": 0
      },
      "relation_types": [
        "InterpolatesFrom"
      ]
    },
    {
      "id": "song:13190",
      "song_id": 13190,
      "title": "Canonical Refrain",
      "genre": "Space Rock",
      "notable": true,
      "release_year": 2015,
      "single": true,
      "own": false,
      "artist_id": 1952,
      "artist_name": "Yang Wan",
      "influence": 0,
      "influence_breakdown": {
        "cover": 0,
        "sample": 0,
        "reference": 0,
        "style": 0
      },
      "relation_types": [
        "InterpolatesFrom"
      ]
    },
    {
      "id": "song:13213",
      "song_id": 13213,
      "title": "Lines Between the Lines",
      "genre": "Desert Rock",
      "notable": true,
      "release_year": 2013,
      "single": true,
      "own": false,
      "artist_id": 4073,
      "artist_name": "Patricia Hardy",
      "influence": 0,
      "influence_breakdown": {
        "cover": 0,
        "sample": 0,
        "reference": 0,
        "style": 0
      },
      "relation_types": [
        "InterpolatesFrom"
      ]
    },
    {
      "id": "song:13438",
      "song_id": 13438,
      "title": "Whispers of Forever",
      "genre": "Oceanus Folk",
      "notable": true,
      "release_year": 2019,
      "single": false,
      "own": false,
      "artist_id": 13439,
      "artist_name": "Min Liang",
      "influence": 0,
      "influence_breakdown": {
        "cover": 0,
        "sample": 0,
        "reference": 0,
        "style": 0
      },
      "relation_types": [
        "InStyleOf"
      ]
    },
    {
      "id": "song:13546",
      "song_id": 13546,
      "title": "When Darkness Breaks",
      "genre": "Doom Metal",
      "notable": true,
      "release_year": 2019,
      "single": true,
      "own": false,
      "artist_id": 13547,
      "artist_name": "Jun Shi ( Mars)",
      "influence": 0,
      "influence_breakdown": {
        "cover": 0,
        "sample": 0,
        "reference": 0,
        "style": 0
      },
      "relation_types": [
        "InStyleOf"
      ]
    },
    {
      "id": "song:14594",
      "song_id": 14594,
      "title": "Silicon Saloon",
      "genre": "Americana",
      "notable": true,
      "release_year": 2020,
      "single": true,
      "own": false,
      "artist_id": 14596,
      "artist_name": "Julie Nielsen",
      "influence": 0,
      "influence_breakdown": {
        "cover": 0,
        "sample": 0,
        "reference": 0,
        "style": 0
      },
      "relation_types": [
        "InterpolatesFrom"
      ]
    },
    {
      "id": "song:14599",
      "song_id": 14599,
      "title": "Encrypted Memories",
      "genre": "Americana",
      "notable": true,
      "release_year": 2019,
      "single": false,
      "own": false,
      "artist_id": 14600,
      "artist_name": "Ping Wu",
      "influence": 0,
      "influence_breakdown": {
        "cover": 0,
        "sample": 0,
        "reference": 0,
        "style": 0
      },
      "relation_types": [
        "InStyleOf"
      ]
    },
    {
      "id": "song:14948",
      "song_id": 14948,
      "title": "Julie's Midnight Lullaby",
      "genre": "Indie Folk",
      "notable": true,
      "release_year": 2023,
      "single": true,
      "own": false,
      "artist_id": 3158,
      "artist_name": "Jing Wang",
      "influence": 0,
      "influence_breakdown": {
        "cover": 0,
        "sample": 0,
        "reference": 0,
        "style": 0
      },
      "relation_types": [
        "InterpolatesFrom"
      ]
    },
    {
      "id": "song:15358",
      "song_id": 15358,
      "title": "Buenos Aires Uprising",
      "genre": "Doom Metal",
      "notable": true,
      "release_year": 2013,
      "single": true,
      "own": false,
      "artist_id": 6437,
      "artist_name": "Na Fan",
      "influence": 0,
      "influence_breakdown": {
        "cover": 0,
        "sample": 0,
        "reference": 0,
        "style": 0
      },
      "relation_types": [
        "InterpolatesFrom"
      ]
    },
    {
      "id": "song:15394",
      "song_id": 15394,
      "title": "Whispers in the Meadow Green",
      "genre": "Synthwave",
      "notable": true,
      "release_year": 2022,
      "single": true,
      "own": false,
      "artist_id": 1255,
      "artist_name": "Xiulan Hao",
      "influence": 0,
      "influence_breakdown": {
        "cover": 0,
        "sample": 0,
        "reference": 0,
        "style": 0
      },
      "relation_types": [
        "InStyleOf"
      ]
    },
    {
      "id": "song:15500",
      "song_id": 15500,
      "title": "Cynical Season",
      "genre": "Synthwave",
      "notable": true,
      "release_year": 2025,
      "single": true,
      "own": false,
      "artist_id": 1219,
      "artist_name": "Yan Cai",
      "influence": 0,
      "influence_breakdown": {
        "cover": 0,
        "sample": 0,
        "reference": 0,
        "style": 0
      },
      "relation_types": [
        "CoverOf"
      ]
    },
    {
      "id": "song:15690",
      "song_id": 15690,
      "title": "Nocturnal Harmonies: Four Voices Intertwined",
      "genre": "Psychedelic Rock",
      "notable": true,
      "release_year": 2029,
      "single": false,
      "own": false,
      "artist_id": 15691,
      "artist_name": "Shannon Bennett ( Demi Lane)",
      "influence": 0,
      "influence_breakdown": {
        "cover": 0,
        "sample": 0,
        "reference": 0,
        "style": 0
      },
      "relation_types": [
        "CoverOf"
      ]
    },
    {
      "id": "song:15881",
      "song_id": 15881,
      "title": "Nietzsche's Muse",
      "genre": "Synthwave",
      "notable": true,
      "release_year": 2016,
      "single": true,
      "own": false,
      "artist_id": 5778,
      "artist_name": "Xiuying Yuan",
      "influence": 0,
      "influence_breakdown": {
        "cover": 0,
        "sample": 0,
        "reference": 0,
        "style": 0
      },
      "relation_types": [
        "InterpolatesFrom"
      ]
    },
    {
      "id": "song:16042",
      "song_id": 16042,
      "title": "The Simple Truth Between Us",
      "genre": "Doom Metal",
      "notable": true,
      "release_year": 2023,
      "single": false,
      "own": false,
      "artist_id": 16043,
      "artist_name": "Robin Mayer",
      "influence": 0,
      "influence_breakdown": {
        "cover": 0,
        "sample": 0,
        "reference": 0,
        "style": 0
      },
      "relation_types": [
        "CoverOf"
      ]
    },
    {
      "id": "song:16146",
      "song_id": 16146,
      "title": "Sanctuary of Grace",
      "genre": "Dream Pop",
      "notable": true,
      "release_year": 2020,
      "single": true,
      "own": false,
      "artist_id": 16147,
      "artist_name": "Miki Sato",
      "influence": 0,
      "influence_breakdown": {
        "cover": 0,
        "sample": 0,
        "reference": 0,
        "style": 0
      },
      "relation_types": [
        "InStyleOf"
      ]
    },
    {
      "id": "song:16175",
      "song_id": 16175,
      "title": "Lise's Last Franc",
      "genre": "Doom Metal",
      "notable": true,
      "release_year": 2023,
      "single": false,
      "own": false,
      "artist_id": 1085,
      "artist_name": "Lupe Miró",
      "influence": 0,
      "influence_breakdown": {
        "cover": 0,
        "sample": 0,
        "reference": 0,
        "style": 0
      },
      "relation_types": [
        "InStyleOf"
      ]
    },
    {
      "id": "song:16522",
      "song_id": 16522,
      "title": "Puncture Point",
      "genre": "Doom Metal",
      "notable": true,
      "release_year": 2029,
      "single": true,
      "own": false,
      "artist_id": 10224,
      "artist_name": "Xia Song",
      "influence": 0,
      "influence_breakdown": {
        "cover": 0,
        "sample": 0,
        "reference": 0,
        "style": 0
      },
      "relation_types": [
        "InStyleOf"
      ]
    },
    {
      "id": "song:7955",
      "song_id": 7955,
      "title": "Robed in Radiance",
      "genre": "Synthwave",
      "notable": true,
      "release_year": 2026,
      "single": true,
      "own": false,
      "artist_id": 6890,
      "artist_name": "Nicole Scott",
      "influence": 0,
      "influence_breakdown": {
        "cover": 0,
        "sample": 0,
        "reference": 0,
        "style": 0
      },
      "relation_types": [
        "InStyleOf"
      ]
    }
  ],
  "links": [
    {
      "source": "song:8547",
      "target": "song:6006",
      "type": "InStyleOf"
    },
    {
      "source": "song:15690",
      "target": "song:6006",
      "type": "CoverOf"
    },
    {
      "source": "song:16705",
      "target": "song:7116",
      "type": "LyricalReferenceTo"
    },
    {
      "source": "song:5492",
      "target": "song:7116",
      "type": "InStyleOf"
    },
    {
      "source": "song:3956",
      "target": "song:6006",
      "type": "InStyleOf"
    },
    {
      "source": "song:15009",
      "target": "song:7116",
      "type": "LyricalReferenceTo"
    },
    {
      "source": "song:4322",
      "target": "song:6006",
      "type": "LyricalReferenceTo"
    },
    {
      "source": "song:4140",
      "target": "song:6006",
      "type": "InStyleOf"
    },
    {
      "source": "song:13129",
      "target": "song:6006",
      "type": "InterpolatesFrom"
    },
    {
      "source": "song:13213",
      "target": "song:6006",
      "type": "InterpolatesFrom"
    },
    {
      "source": "song:13438",
      "target": "song:6006",
      "type": "InStyleOf"
    },
    {
      "source": "song:13064",
      "target": "song:7116",
      "type": "InterpolatesFrom"
    },
    {
      "source": "song:2238",
      "target": "song:6006",
      "type": "LyricalReferenceTo"
    },
    {
      "source": "song:7793",
      "target": "song:6006",
      "type": "LyricalReferenceTo"
    },
    {
      "source": "song:15160",
      "target": "song:7116",
      "type": "CoverOf"
    },
    {
      "source": "song:6087",
      "target": "song:7116",
      "type": "InStyleOf"
    },
    {
      "source": "song:4892",
      "target": "song:7116",
      "type": "InterpolatesFrom"
    },
    {
      "source": "song:5514",
      "target": "song:6006",
      "type": "CoverOf"
    },
    {
      "source": "song:9630",
      "target": "song:6006",
      "type": "CoverOf"
    },
    {
      "source": "song:962",
      "target": "song:6006",
      "type": "InStyleOf"
    },
    {
      "source": "song:3332",
      "target": "song:6006",
      "type": "CoverOf"
    },
    {
      "source": "song:14599",
      "target": "song:6006",
      "type": "InStyleOf"
    },
    {
      "source": "song:9759",
      "target": "song:7116",
      "type": "LyricalReferenceTo"
    },
    {
      "source": "song:12608",
      "target": "song:7116",
      "type": "InStyleOf"
    },
    {
      "source": "song:5376",
      "target": "song:6006",
      "type": "InStyleOf"
    },
    {
      "source": "song:16175",
      "target": "song:6006",
      "type": "InStyleOf"
    },
    {
      "source": "song:7092",
      "target": "song:6006",
      "type": "DirectlySamples"
    },
    {
      "source": "song:15358",
      "target": "song:6006",
      "type": "InterpolatesFrom"
    },
    {
      "source": "song:48",
      "target": "song:7116",
      "type": "DirectlySamples"
    },
    {
      "source": "song:5181",
      "target": "song:6006",
      "type": "LyricalReferenceTo"
    },
    {
      "source": "song:4814",
      "target": "song:6006",
      "type": "InterpolatesFrom"
    },
    {
      "source": "song:11590",
      "target": "song:6006",
      "type": "InStyleOf"
    },
    {
      "source": "song:8118",
      "target": "song:7116",
      "type": "LyricalReferenceTo"
    },
    {
      "source": "song:6827",
      "target": "song:7116",
      "type": "InStyleOf"
    },
    {
      "source": "song:15394",
      "target": "song:6006",
      "type": "InStyleOf"
    },
    {
      "source": "song:9245",
      "target": "song:7116",
      "type": "CoverOf"
    },
    {
      "source": "song:7955",
      "target": "song:5181",
      "type": "InStyleOf"
    },
    {
      "source": "song:12936",
      "target": "song:6006",
      "type": "DirectlySamples"
    },
    {
      "source": "song:11116",
      "target": "song:6006",
      "type": "InStyleOf"
    },
    {
      "source": "song:16522",
      "target": "song:6006",
      "type": "InStyleOf"
    },
    {
      "source": "song:8251",
      "target": "song:7116",
      "type": "InStyleOf"
    },
    {
      "source": "song:1709",
      "target": "song:7116",
      "type": "CoverOf"
    },
    {
      "source": "song:10266",
      "target": "song:6006",
      "type": "DirectlySamples"
    },
    {
      "source": "song:9696",
      "target": "song:7116",
      "type": "LyricalReferenceTo"
    },
    {
      "source": "song:6080",
      "target": "song:6006",
      "type": "InStyleOf"
    },
    {
      "source": "song:3088",
      "target": "song:6006",
      "type": "InterpolatesFrom"
    },
    {
      "source": "song:14948",
      "target": "song:6006",
      "type": "InterpolatesFrom"
    },
    {
      "source": "song:7479",
      "target": "song:6006",
      "type": "DirectlySamples"
    },
    {
      "source": "song:15881",
      "target": "song:6006",
      "type": "InterpolatesFrom"
    },
    {
      "source": "song:1939",
      "target": "song:7116",
      "type": "InterpolatesFrom"
    },
    {
      "source": "song:13190",
      "target": "song:6006",
      "type": "InterpolatesFrom"
    },
    {
      "source": "song:16042",
      "target": "song:6006",
      "type": "CoverOf"
    },
    {
      "source": "song:283",
      "target": "song:6006",
      "type": "CoverOf"
    },
    {
      "source": "song:12892",
      "target": "song:6006",
      "type": "InStyleOf"
    },
    {
      "source": "song:9414",
      "target": "song:7116",
      "type": "DirectlySamples"
    },
    {
      "source": "song:15565",
      "target": "song:7116",
      "type": "LyricalReferenceTo"
    },
    {
      "source": "song:12521",
      "target": "song:6006",
      "type": "InterpolatesFrom"
    },
    {
      "source": "song:13546",
      "target": "song:6006",
      "type": "InStyleOf"
    },
    {
      "source": "song:11465",
      "target": "song:6006",
      "type": "DirectlySamples"
    },
    {
      "source": "song:4818",
      "target": "song:6006",
      "type": "InterpolatesFrom"
    },
    {
      "source": "song:15500",
      "target": "song:6006",
      "type": "CoverOf"
    },
    {
      "source": "song:14329",
      "target": "song:7116",
      "type": "InterpolatesFrom"
    },
    {
      "source": "song:14626",
      "target": "song:7116",
      "type": "CoverOf"
    },
    {
      "source": "song:1091",
      "target": "song:6006",
      "type": "InStyleOf"
    },
    {
      "source": "song:12245",
      "target": "song:7116",
      "type": "InterpolatesFrom"
    },
    {
      "source": "song:1984",
      "target": "song:7116",
      "type": "DirectlySamples"
    },
    {
      "source": "song:8477",
      "target": "song:6006",
      "type": "InStyleOf"
    },
    {
      "source": "song:10673",
      "target": "song:6006",
      "type": "LyricalReferenceTo"
    },
    {
      "source": "song:86",
      "target": "song:6006",
      "type": "CoverOf"
    },
    {
      "source": "song:6521",
      "target": "song:7116",
      "type": "InStyleOf"
    },
    {
      "source": "song:11726",
      "target": "song:7116",
      "type": "InterpolatesFrom"
    },
    {
      "source": "song:16146",
      "target": "song:6006",
      "type": "InStyleOf"
    },
    {
      "source": "song:9803",
      "target": "song:6006",
      "type": "LyricalReferenceTo"
    },
    {
      "source": "song:8389",
      "target": "song:7116",
      "type": "CoverOf"
    },
    {
      "source": "song:8553",
      "target": "song:7116",
      "type": "LyricalReferenceTo"
    },
    {
      "source": "song:8587",
      "target": "song:6006",
      "type": "InStyleOf"
    },
    {
      "source": "song:12858",
      "target": "song:7116",
      "type": "InStyleOf"
    },
    {
      "source": "song:6827",
      "target": "song:6006",
      "type": "InterpolatesFrom"
    },
    {
      "source": "song:14594",
      "target": "song:6006",
      "type": "InterpolatesFrom"
    },
    {
      "source": "song:5415",
      "target": "song:7116",
      "type": "LyricalReferenceTo"
    },
    {
      "source": "song:15057",
      "target": "song:7116",
      "type": "InStyleOf"
    },
    {
      "source": "song:9982",
      "target": "song:6006",
      "type": "DirectlySamples"
    },
    {
      "source": "song:14329",
      "target": "song:6006",
      "type": "CoverOf"
    },
    {
      "source": "song:3136",
      "target": "song:6006",
      "type": "InterpolatesFrom"
    },
    {
      "source": "song:10169",
      "target": "song:7116",
      "type": "InterpolatesFrom"
    },
    {
      "source": "song:12199",
      "target": "song:6006",
      "type": "LyricalReferenceTo"
    },
    {
      "source": "song:9966",
      "target": "song:7116",
      "type": "InStyleOf"
    },
    {
      "source": "song:6788",
      "target": "song:6006",
      "type": "InterpolatesFrom"
    },
    {
      "source": "song:3438",
      "target": "song:7116",
      "type": "LyricalReferenceTo"
    }
  ]
}