{
  "person_id": 10801,
  "name": "Devansh Divan",
  "stage_name": null,
  "nodes": [
    {
      "id": "song:10800",
      "song_id": 10800,
      "title": "Whispers in Echo",
      "genre": "Darkwave",
      "notable": true,
      "release_year": 2029,
      "single": true,
      "own": true,
      "artist_id": 10801,
      "artist_name": "Devansh Divan",
      "influence": 0,
      "influence_breakdown": {
        "cover": 0,
        "sample": 0,
        "reference": 0,
        "style": 0
      },
      "relation_types": []
    }
  ],
  "links": []
}