{
  "person_id": 10033,
  "name": "Yan Zhou",
  "stage_name": null,
  "nodes": [
    {
      "id": "song:10032",
      "song_id": 10032,
      "title": "Patron Saint of Forgotten Lanes",
      "genre": "Synthwave",
      "notable": false,
      "release_year": 2019,
      "single": true,
      "own": true,
      "artist_id": 10033,
      "artist_name": "Yan Zhou",
      "influence": 0,
      "influence_breakdown": {
        "cover": 0,
        "sample": 0,
        "reference": 0,
        "style": 0
      },
      "relation_types": []
    }
  ],
  "links": []
}