{
  "person_id": 10097,
  "name": "Ping Zhang",
  "stage_name": null,
  "nodes": [
    {
      "id": "song:10094",
      "song_id": 10094,
      "title": "Earth's Melody",
      "genre": "Dream Pop",
      "notable": true,
      "release_year": 1994,
      "single": true,
      "own": true,
      "artist_id": 10097,
      "artist_name": "Ping Zhang",
      "influence": 0,
      "influence_breakdown": {
        "cover": 0,
        "sample": 0,
        "reference": 0,
        "style": 0
      },
      "relation_types": []
    }
  ],
  "links": []
}