{
  "person_id": 1010,
  "name": "Belén de Trillo",
  "stage_name": null,
  "nodes": [
    {
      "id": "song:1007",
      "song_id": 1007,
      "title": "Nicotine Memories",
      "genre": "Indie Rock",
      "notable": true,
      "release_year": 2027,
      "single": true,
      "own": true,
      "artist_id": 1010,
      "artist_name": "Belén de Trillo",
      "influence": 0,
      "influence_breakdown": {
        "cover": 0,
        "sample": 0,
        "reference": 0,
        "style": 0
      },
      "relation_types": []
    }
  ],
  "links": []
}