{
  "person_id": 10170,
  "name": "Tao Cai",
  "stage_name": null,
  "nodes": [
    {
      "id": "song:10169",
      "song_id": 10169,
      "title": "Dreamscape Dining at Dawn",
      "genre": "Doom Metal",
      "notable": true,
      "release_year": 2023,
      "single": true,
      "own": true,
      "artist_id": 10170,
      "artist_name": "Tao Cai",
      "influence": 0,
      "influence_breakdown": {
        "cover": 0,
        "sample": 0,
        "reference": 0,
        "style": 0
      },
      "relation_types": []
    }
  ],
  "links": []
}