{
  "person_id": 1020,
  "name": "Theresa Pena",
  "stage_name": null,
  "nodes": [
    {
      "id": "song:1018",
      "song_id": 1018,
      "title": "Wrinkled Rebellion",
      "genre": "Alternative Rock",
      "notable": true,
      "release_year": 2008,
      "single": true,
      "own": true,
      "artist_id": 1020,
      "artist_name": "Theresa Pena",
      "influence": 32,
      "influence_breakdown": {
        "cover": 1,
        "sample": 1,
        "reference": 3,
        "style": 7
      },
      "relation_types": []
    },
    {
      "id": "song:1853",
      "song_id": 1853,
      "title": "Reflections on the Water's Rim",
      "genre": "Avant-Garde Folk",
      "notable": true,
      "release_year": 2011,
      "single": true,
      "own": false,
      "artist_id": 1854,
      "artist_name": "Mary Rodriguez",
      "influence": 0,
      "influence_breakdown": {
        "cover": 0,
        "sample": 0,
        "reference": 0,
        "style": 0
      },
      "relation_types": [
        "InStyleOf"
      ]
    },
    {
      "id": "song:3512",
      "song_id": 3512,
      "title": "Andalusian Rhythm",
      "genre": "Indie Pop",
      "notable": true,
      "release_year": 2013,
      "single": true,
      "own": false,
      "artist_id": 1021,
      "artist_name": "Przemysław Grupa",
      "influence": 0,
      "influence_breakdown": {
        "cover": 0,
        "sample": 0,
        "reference": 0,
        "style": 0
      },
      "relation_types": [
        "InStyleOf"
      ]
    },
    {
      "id": "song:5407",
      "song_id": 5407,
      "title": "The Whispers of Walborg",
      "genre": "Avant-Garde Folk",
      "notable": true,
      "release_year": 2023,
      "single": true,
      "own": false,
      "artist_id": 697,
      "artist_name": "Yong Zheng",
      "influence": 0,
      "influence_breakdown": {
        "cover": 0,
        "sample": 0,
        "reference": 0,
        "style": 0
      },
      "relation_types": [
        "InStyleOf"
      ]
    },
    {
      "id": "song:6158",
      "song_id": 6158,
      "title": "They Won't Understand Our Vision",
      "genre": "Avant-Garde Folk",
      "notable": true,
      "release_year": 2018,
      "single": true,
      "own": false,
      "artist_id": 697,
      "artist_name": "Yong Zheng",
      "influence": 0,
      "influence_breakdown": {
        "cover": 0,
        "sample": 0,
        "reference": 0,
        "style": 0
      },
      "relation_types": [
        "InStyleOf"
      ]
    },
    {
      "id": "song:6864",
      "song_id": 6864,
      "title": "Echoes from the Elfin Veil",
      "genre": "Avant-Garde Folk",
      "notable": false,
      "release_year": 2017,
      "single": true,
      "own": false,
      "artist_id": 697,
      "artist_name": "Yong Zheng",
      "influence": 0,
      "influence_breakdown": {
        "cover": 0,
        "sample": 0,
        "reference": 0,
        "style": 0
      },
      "relation_types": [
        "InStyleOf"
      ]
    },
    {
      "id": "song:7568",
      "song_id": 7568,
      "title": "Heartstrings and Steel",
      "genre": "Avant-Garde Folk",
      "notable": true,
      "release_year": 2013,
      "single": true,
      "own": false,
      "artist_id": 1103,
      "artist_name": "Ekkehard Förster",
      "influence": 0,
      "influence_breakdown": {
        "cover": 0,
        "sample": 0,
        "reference": 0,
        "style": 0
      },
      "relation_types": [
        "LyricalReferenceTo"
      ]
    },
    {
      "id": "song:7842",
      "song_id": 7842,
      "title": "Lifted High, His Name Divine",
      "genre": "Avant-Garde Folk",
      "notable": true,
      "release_year": 2029,
      "single": true,
      "own": false,
      "artist_id": 697,
      "artist_name": "Yong Zheng",
      "influence": 0,
      "influence_breakdown": {
        "cover": 0,
        "sample": 0,
        "reference": 0,
        "style": 0
      },
      "relation_types": [
        "InStyleOf"
      ]
    },
    {
      "id": "song:8731",
      "song_id": 8731,
      "title": "Winter's First Light",
      "genre": "Avant-Garde Folk",
      "notable": true,
      "release_year": 2020,
      "single": true,
      "own": false,
      "artist_id": 1103,
      "artist_name": "Ekkehard Förster",
      "influence": 0,
      "influence_breakdown": {
        "cover": 0,
        "sample": 0,
        "reference": 0,
        "style": 0
      },
      "relation_types": [
        "LyricalReferenceTo"
      ]
    },
    {
      "id": "song:10120",
      "song_id": 10120,
      "title": "Devour My Heart",
      "genre": "Avant-Garde Folk",
      "notable": true,
      "release_year": 2020,
      "single": true,
      "own": false,
      "artist_id": 696,
      "artist_name": "Fang Chen",
      "influence": 0,
      "influence_breakdown": {
        "cover": 0,
        "sample": 0,
        "reference": 0,
        "style": 0
      },
      "relation_types": [
        "DirectlySamples"
      ]
    },
    {
      "id": "song:12344",
      "song_id": 12344,
      "title": "Whispers from the Bamboo Grove",
      "genre": "Alternative Rock",
      "notable": true,
      "release_year": 2021,
      "single": true,
      "own": false,
      "artist_id": 2305,
      "artist_name": "Li Zheng",
      "influence": 0,
      "influence_breakdown": {
        "cover": 0,
        "sample": 0,
        "reference": 0,
        "style": 0
      },
      "relation_types": [
        "LyricalReferenceTo"
      ]
    },
    {
      "id": "song:15241",
      "song_id": 15241,
      "title": "Nordisk Ljusdans (Nordic Light Dance)",
      "genre": "Avant-Garde Folk",
      "notable": true,
      "release_year": 2025,
      "single": true,
      "own": false,
      "artist_id": 6159,
      "artist_name": "Debra Martin",
      "influence": 0,
      "influence_breakdown": {
        "cover": 0,
        "sample": 0,
        "reference": 0,
        "style": 0
      },
      "relation_types": [
        "CoverOf"
      ]
    },
    {
      "id": "song:16404",
      "song_id": 16404,
      "title": "Murmures Angéliques",
      "genre": "Avant-Garde Folk",
      "notable": true,
      "release_year": 2022,
      "single": true,
      "own": false,
      "artist_id": 3107,
      "artist_name": "Laura Sanchez",
      "influence": 0,
      "influence_breakdown": {
        "cover": 0,
        "sample": 0,
        "reference": 0,
        "style": 0
      },
      "relation_types": [
        "InStyleOf"
      ]
    }
  ],
  "links": [
    {
      "source": "song:1853",
      "target": "song:1018",
      "type": "InStyleOf"
    },
    {
      "source": "song:6864",
      "target": "song:1018",
      "type": "InStyleOf"
    },
    {
      "source": "song:10120",
      "target": "song:1018",
      "type": "DirectlySamples"
    },
    {
      "source": "song:8731",
      "target": "song:1018",
      "type": "LyricalReferenceTo"
    },
    {
      "source": "song:15241",
      "target": "song:1018",
      "type": "CoverOf"
    },
    {
      "source": "song:3512",
      "target": "song:1018",
      "type": "InStyleOf"
    },
    {
      "source": "song:6158",
      "target": "song:1018",
      "type": "InStyleOf"
    },
    {
      "source": "song:16404",
      "target": "song:1018",
      "type": "InStyleOf"
    },
    {
      "source": "song:12344",
      "target": "song:1018",
      "type": "LyricalReferenceTo"
    },
    {
      "source": "song:7842",
      "target": "song:1018",
      "type": "InStyleOf"
    },
    {
      "source": "song:5407",
      "target": "song:1018",
      "type": "InStyleOf"
    },
    {
      "source": "song:7568",
      "target": "song:1018",
      "type": "LyricalReferenceTo"
    }
  ]
}