{
  "person_id": 10207,
  "name": "Leoncio de Moliner",
  "stage_name": " C.R. Frost",
  "nodes": [
    {
      "id": "song:10206",
      "song_id": 10206,
      "title": "The Midnight Diagnosis",
      "genre": "Indie Rock",
      "notable": true,
      "release_year": 2016,
      "single": true,
      "own": true,
      "artist_id": 10207,
      "artist_name": "Leoncio de Moliner ( C.R. Frost)",
      "influence": 0,
      "influence_breakdown": {
        "cover": 0,
        "sample": 0,
        "reference": 0,
        "style": 0
      },
      "relation_types": []
    }
  ],
  "links": []
}