{
  "person_id": 1021,
  "name": "Przemysław Grupa",
  "stage_name": null,
  "nodes": [
    {
      "id": "song:5455",
      "song_id": 5455,
      "title": "Quarantine Whispers",
      "genre": "Southern Gothic Rock",
      "notable": true,
      "release_year": 1999,
      "single": false,
      "own": true,
      "artist_id": 1021,
      "artist_name": "Przemysław Grupa",
      "influence": 35,
      "influence_breakdown": {
        "cover": 1,
        "sample": 0,
        "reference": 8,
        "style": 3
      },
      "relation_types": []
    },
    {
      "id": "song:13361",
      "song_id": 13361,
      "title": "Soil, Sweat, and Solitude",
      "genre": "Blues Rock",
      "notable": true,
      "release_year": 2011,
      "single": true,
      "own": true,
      "artist_id": 1021,
      "artist_name": "Przemysław Grupa",
      "influence": 20,
      "influence_breakdown": {
        "cover": 2,
        "sample": 0,
        "reference": 2,
        "style": 2
      },
      "relation_types": []
    },
    {
      "id": "song:1018",
      "song_id": 1018,
      "title": "Wrinkled Rebellion",
      "genre": "Alternative Rock",
      "notable": true,
      "release_year": 2008,
      "single": true,
      "own": true,
      "artist_id": 1021,
      "artist_name": "Przemysław Grupa",
      "influence": 32,
      "influence_breakdown": {
        "cover": 1,
        "sample": 1,
        "reference": 3,
        "style": 7
      },
      "relation_types": []
    },
    {
      "id": "song:3512",
      "song_id": 3512,
      "title": "Andalusian Rhythm",
      "genre": "Indie Pop",
      "notable": true,
      "release_year": 2013,
      "single": true,
      "own": true,
      "artist_id": 1021,
      "artist_name": "Przemysław Grupa",
      "influence": 26,
      "influence_breakdown": {
        "cover": 0,
        "sample": 2,
        "reference": 4,
        "style": 3
      },
      "relation_types": []
    },
    {
      "id": "song:2208",
      "song_id": 2208,
      "title": "Infamy's Aria",
      "genre": "Emo/Pop Punk",
      "notable": true,
      "release_year": 2019,
      "single": true,
      "own": false,
      "artist_id": 2209,
      "artist_name": "Charles Delaunay",
      "influence": 0,
      "influence_breakdown": {
        "cover": 0,
        "sample": 0,
        "reference": 0,
        "style": 0
      },
      "relation_types": [
        "LyricalReferenceTo"
      ]
    },
    {
      "id": "song:2525",
      "song_id": 2525,
      "title": "Coordinates of Time",
      "genre": "Alternative Rock",
      "notable": true,
      "release_year": 2028,
      "single": true,
      "own": false,
      "artist_id": 2526,
      "artist_name": "Kimberly Thomas",
      "influence": 0,
      "influence_breakdown": {
        "cover": 0,
        "sample": 0,
        "reference": 0,
        "style": 0
      },
      "relation_types": [
        "LyricalReferenceTo"
      ]
    },
    {
      "id": "song:3123",
      "song_id": 3123,
      "title": "Gentle Tempo of Sunlight",
      "genre": "Indie Pop",
      "notable": true,
      "release_year": 2005,
      "single": true,
      "own": false,
      "artist_id": 3125,
      "artist_name": "Jana Lindner",
      "influence": 0,
      "influence_breakdown": {
        "cover": 0,
        "sample": 0,
        "reference": 0,
        "style": 0
      },
      "relation_types": [
        "LyricalReferenceTo"
      ]
    },
    {
      "id": "song:7969",
      "song_id": 7969,
      "title": "Secrets Unspoken",
      "genre": "Indie Pop",
      "notable": true,
      "release_year": 2023,
      "single": true,
      "own": false,
      "artist_id": 3742,
      "artist_name": "David Wilcox",
      "influence": 0,
      "influence_breakdown": {
        "cover": 0,
        "sample": 0,
        "reference": 0,
        "style": 0
      },
      "relation_types": [
        "CoverOf",
        "InStyleOf"
      ]
    },
    {
      "id": "song:8078",
      "song_id": 8078,
      "title": "Who's That Pretty Thing",
      "genre": "Avant-Garde Folk",
      "notable": true,
      "release_year": 2011,
      "single": true,
      "own": false,
      "artist_id": 6939,
      "artist_name": "Jie Jiang",
      "influence": 0,
      "influence_breakdown": {
        "cover": 0,
        "sample": 0,
        "reference": 0,
        "style": 0
      },
      "relation_types": [
        "CoverOf"
      ]
    },
    {
      "id": "song:8372",
      "song_id": 8372,
      "title": "Silver Spoon Tears",
      "genre": "Avant-Garde Folk",
      "notable": true,
      "release_year": 2007,
      "single": true,
      "own": false,
      "artist_id": 3125,
      "artist_name": "Jana Lindner",
      "influence": 0,
      "influence_breakdown": {
        "cover": 0,
        "sample": 0,
        "reference": 0,
        "style": 0
      },
      "relation_types": [
        "LyricalReferenceTo"
      ]
    },
    {
      "id": "song:9089",
      "song_id": 9089,
      "title": "First Contact Protocol",
      "genre": "Indie Pop",
      "notable": true,
      "release_year": 2007,
      "single": true,
      "own": false,
      "artist_id": 3125,
      "artist_name": "Jana Lindner",
      "influence": 0,
      "influence_breakdown": {
        "cover": 0,
        "sample": 0,
        "reference": 0,
        "style": 0
      },
      "relation_types": [
        "LyricalReferenceTo"
      ]
    },
    {
      "id": "song:12933",
      "song_id": 12933,
      "title": "Wherever Your Path Leads",
      "genre": "Southern Gothic Rock",
      "notable": true,
      "release_year": 2013,
      "single": false,
      "own": false,
      "artist_id": 808,
      "artist_name": "Pavlína Macháčková",
      "influence": 0,
      "influence_breakdown": {
        "cover": 0,
        "sample": 0,
        "reference": 0,
        "style": 0
      },
      "relation_types": [
        "InStyleOf"
      ]
    },
    {
      "id": "song:13361",
      "song_id": 13361,
      "title": "Soil, Sweat, and Solitude",
      "genre": "Blues Rock",
      "notable": true,
      "release_year": 2011,
      "single": true,
      "own": true,
      "artist_id": 1021,
      "artist_name": "Przemysław Grupa",
      "influence": 0,
      "influence_breakdown": {
        "cover": 0,
        "sample": 0,
        "reference": 0,
        "style": 0
      },
      "relation_types": [
        "InterpolatesFrom"
      ]
    },
    {
      "id": "song:14482",
      "song_id": 14482,
      "title": "Echoes of Your Smile",
      "genre": "Indie Pop",
      "notable": true,
      "release_year": 2009,
      "single": true,
      "own": false,
      "artist_id": 3124,
      "artist_name": "Elżbieta Bociek",
      "influence": 0,
      "influence_breakdown": {
        "cover": 0,
        "sample": 0,
        "reference": 0,
        "style": 0
      },
      "relation_types": [
        "InStyleOf"
      ]
    },
    {
      "id": "song:15396",
      "song_id": 15396,
      "title": "Maiden's Footsteps on Soft Grass",
      "genre": "Avant-Garde Folk",
      "notable": true,
      "release_year": 2023,
      "single": true,
      "own": false,
      "artist_id": 2528,
      "artist_name": "Larry Fields",
      "influence": 0,
      "influence_breakdown": {
        "cover": 0,
        "sample": 0,
        "reference": 0,
        "style": 0
      },
      "relation_types": [
        "InterpolatesFrom"
      ]
    },
    {
      "id": "song:16035",
      "song_id": 16035,
      "title": "Divided We Stand",
      "genre": "Avant-Garde Folk",
      "notable": true,
      "release_year": 2004,
      "single": true,
      "own": false,
      "artist_id": 5213,
      "artist_name": "Samantha Bullock",
      "influence": 0,
      "influence_breakdown": {
        "cover": 0,
        "sample": 0,
        "reference": 0,
        "style": 0
      },
      "relation_types": [
        "LyricalReferenceTo"
      ]
    },
    {
      "id": "song:4509",
      "song_id": 4509,
      "title": "Transcendent Might",
      "genre": "Avant-Garde Folk",
      "notable": true,
      "release_year": 2026,
      "single": true,
      "own": false,
      "artist_id": 3352,
      "artist_name": "Marcus Spence",
      "influence": 0,
      "influence_breakdown": {
        "cover": 0,
        "sample": 0,
        "reference": 0,
        "style": 0
      },
      "relation_types": [
        "InStyleOf"
      ]
    },
    {
      "id": "song:6797",
      "song_id": 6797,
      "title": "Echoes from Ancient Lips",
      "genre": "Alternative Rock",
      "notable": true,
      "release_year": 2026,
      "single": true,
      "own": false,
      "artist_id": 172,
      "artist_name": "Lei Liao",
      "influence": 0,
      "influence_breakdown": {
        "cover": 0,
        "sample": 0,
        "reference": 0,
        "style": 0
      },
      "relation_types": [
        "CoverOf"
      ]
    },
    {
      "id": "song:12350",
      "song_id": 12350,
      "title": "Playground Panic",
      "genre": "Southern Gothic Rock",
      "notable": true,
      "release_year": 2023,
      "single": true,
      "own": false,
      "artist_id": 12351,
      "artist_name": "Yang Xiao",
      "influence": 0,
      "influence_breakdown": {
        "cover": 0,
        "sample": 0,
        "reference": 0,
        "style": 0
      },
      "relation_types": [
        "InterpolatesFrom"
      ]
    },
    {
      "id": "song:14466",
      "song_id": 14466,
      "title": "Touching Infinite Horizon",
      "genre": "Dream Pop",
      "notable": true,
      "release_year": 2028,
      "single": true,
      "own": false,
      "artist_id": 2023,
      "artist_name": "Qiang Tang",
      "influence": 0,
      "influence_breakdown": {
        "cover": 0,
        "sample": 0,
        "reference": 0,
        "style": 0
      },
      "relation_types": [
        "InStyleOf"
      ]
    },
    {
      "id": "song:15838",
      "song_id": 15838,
      "title": "Groove Global",
      "genre": "Avant-Garde Folk",
      "notable": true,
      "release_year": 2014,
      "single": true,
      "own": false,
      "artist_id": 1252,
      "artist_name": "Clayton Reed",
      "influence": 0,
      "influence_breakdown": {
        "cover": 0,
        "sample": 0,
        "reference": 0,
        "style": 0
      },
      "relation_types": [
        "LyricalReferenceTo"
      ]
    },
    {
      "id": "song:1853",
      "song_id": 1853,
      "title": "Reflections on the Water's Rim",
      "genre": "Avant-Garde Folk",
      "notable": true,
      "release_year": 2011,
      "single": true,
      "own": false,
      "artist_id": 1854,
      "artist_name": "Mary Rodriguez",
      "influence": 0,
      "influence_breakdown": {
        "cover": 0,
        "sample": 0,
        "reference": 0,
        "style": 0
      },
      "relation_types": [
        "InStyleOf"
      ]
    },
    {
      "id": "song:3512",
      "song_id": 3512,
      "title": "Andalusian Rhythm",
      "genre": "Indie Pop",
      "notable": true,
      "release_year": 2013,
      "single": true,
      "own": true,
      "artist_id": 1021,
      "artist_name": "Przemysław Grupa",
      "influence": 0,
      "influence_breakdown": {
        "cover": 0,
        "sample": 0,
        "reference": 0,
        "style": 0
      },
      "relation_types": [
        "InStyleOf"
      ]
    },
    {
      "id": "song:5407",
      "song_id": 5407,
      "title": "The Whispers of Walborg",
      "genre": "Avant-Garde Folk",
      "notable": true,
      "release_year": 2023,
      "single": true,
      "own": false,
      "artist_id": 697,
      "artist_name": "Yong Zheng",
      "influence": 0,
      "influence_breakdown": {
        "cover": 0,
        "sample": 0,
        "reference": 0,
        "style": 0
      },
      "relation_types": [
        "InStyleOf",
        "LyricalReferenceTo"
      ]
    },
    {
      "id": "song:6158",
      "song_id": 6158,
      "title": "They Won't Understand Our Vision",
      "genre": "Avant-Garde Folk",
      "notable": true,
      "release_year": 2018,
      "single": true,
      "own": false,
      "artist_id": 697,
      "artist_name": "Yong Zheng",
      "influence": 0,
      "influence_breakdown": {
        "cover": 0,
        "sample": 0,
        "reference": 0,
        "style": 0
      },
      "relation_types": [
        "DirectlySamples",
        "InStyleOf"
      ]
    },
    {
      "id": "song:6864",
      "song_id": 6864,
      "title": "Echoes from the Elfin Veil",
      "genre": "Avant-Garde Folk",
      "notable": false,
      "release_year": 2017,
      "single": true,
      "own": false,
      "artist_id": 697,
      "artist_name": "Yong Zheng",
      "influence": 0,
      "influence_breakdown": {
        "cover": 0,
        "sample": 0,
        "reference": 0,
        "style": 0
      },
      "relation_types": [
        "InStyleOf"
      ]
    },
    {
      "id": "song:7568",
      "song_id": 7568,
      "title": "Heartstrings and Steel",
      "genre": "Avant-Garde Folk",
      "notable": true,
      "release_year": 2013,
      "single": true,
      "own": false,
      "artist_id": 1103,
      "artist_name": "Ekkehard Förster",
      "influence": 0,
      "influence_breakdown": {
        "cover": 0,
        "sample": 0,
        "reference": 0,
        "style": 0
      },
      "relation_types": [
        "LyricalReferenceTo"
      ]
    },
    {
      "id": "song:7842",
      "song_id": 7842,
      "title": "Lifted High, His Name Divine",
      "genre": "Avant-Garde Folk",
      "notable": true,
      "release_year": 2029,
      "single": true,
      "own": false,
      "artist_id": 697,
      "artist_name": "Yong Zheng",
      "influence": 0,
      "influence_breakdown": {
        "cover": 0,
        "sample": 0,
        "reference": 0,
        "style": 0
      },
      "relation_types": [
        "InStyleOf",
        "InterpolatesFrom"
      ]
    },
    {
      "id": "song:8731",
      "song_id": 8731,
      "title": "Winter's First Light",
      "genre": "Avant-Garde Folk",
      "notable": true,
      "release_year": 2020,
      "single": true,
      "own": false,
      "artist_id": 1103,
      "artist_name": "Ekkehard Förster",
      "influence": 0,
      "influence_breakdown": {
        "cover": 0,
        "sample": 0,
        "reference": 0,
        "style": 0
      },
      "relation_types": [
        "LyricalReferenceTo"
      ]
    },
    {
      "id": "song:10120",
      "song_id": 10120,
      "title": "Devour My Heart",
      "genre": "Avant-Garde Folk",
      "notable": true,
      "release_year": 2020,
      "single": true,
      "own": false,
      "artist_id": 696,
      "artist_name": "Fang Chen",
      "influence": 0,
      "influence_breakdown": {
        "cover": 0,
        "sample": 0,
        "reference": 0,
        "style": 0
      },
      "relation_types": [
        "DirectlySamples",
        "InStyleOf"
      ]
    },
    {
      "id": "song:12344",
      "song_id": 12344,
      "title": "Whispers from the Bamboo Grove",
      "genre": "Alternative Rock",
      "notable": true,
      "release_year": 2021,
      "single": true,
      "own": false,
      "artist_id": 2305,
      "artist_name": "Li Zheng",
      "influence": 0,
      "influence_breakdown": {
        "cover": 0,
        "sample": 0,
        "reference": 0,
        "style": 0
      },
      "relation_types": [
        "DirectlySamples",
        "LyricalReferenceTo"
      ]
    },
    {
      "id": "song:15241",
      "song_id": 15241,
      "title": "Nordisk Ljusdans (Nordic Light Dance)",
      "genre": "Avant-Garde Folk",
      "notable": true,
      "release_year": 2025,
      "single": true,
      "own": false,
      "artist_id": 6159,
      "artist_name": "Debra Martin",
      "influence": 0,
      "influence_breakdown": {
        "cover": 0,
        "sample": 0,
        "reference": 0,
        "style": 0
      },
      "relation_types": [
        "CoverOf",
        "InStyleOf"
      ]
    },
    {
      "id": "song:16404",
      "song_id": 16404,
      "title": "Murmures Angéliques",
      "genre": "Avant-Garde Folk",
      "notable": true,
      "release_year": 2022,
      "single": true,
      "own": false,
      "artist_id": 3107,
      "artist_name": "Laura Sanchez",
      "influence": 0,
      "influence_breakdown": {
        "cover": 0,
        "sample": 0,
        "reference": 0,
        "style": 0
      },
      "relation_types": [
        "InStyleOf"
      ]
    },
    {
      "id": "song:2303",
      "song_id": 2303,
      "title": "Invisible Currents",
      "genre": "Alternative Rock",
      "notable": true,
      "release_year": 2025,
      "single": false,
      "own": false,
      "artist_id": 696,
      "artist_name": "Fang Chen",
      "influence": 0,
      "influence_breakdown": {
        "cover": 0,
        "sample": 0,
        "reference": 0,
        "style": 0
      },
      "relation_types": [
        "InterpolatesFrom"
      ]
    },
    {
      "id": "song:4557",
      "song_id": 4557,
      "title": "Tears Left Unshed",
      "genre": "Avant-Garde Folk",
      "notable": true,
      "release_year": 2015,
      "single": false,
      "own": false,
      "artist_id": 4558,
      "artist_name": "Jun Yin",
      "influence": 0,
      "influence_breakdown": {
        "cover": 0,
        "sample": 0,
        "reference": 0,
        "style": 0
      },
      "relation_types": [
        "InterpolatesFrom"
      ]
    }
  ],
  "links": [
    {
      "source": "song:4509",
      "target": "song:13361",
      "type": "InStyleOf"
    },
    {
      "source": "song:8731",
      "target": "song:1018",
      "type": "LyricalReferenceTo"
    },
    {
      "source": "song:6797",
      "target": "song:13361",
      "type": "CoverOf"
    },
    {
      "source": "song:9089",
      "target": "song:5455",
      "type": "LyricalReferenceTo"
    },
    {
      "source": "song:14466",
      "target": "song:13361",
      "type": "InStyleOf"
    },
    {
      "source": "song:12350",
      "target": "song:13361",
      "type": "InterpolatesFrom"
    },
    {
      "source": "song:2208",
      "target": "song:5455",
      "type": "LyricalReferenceTo"
    },
    {
      "source": "song:12344",
      "target": "song:1018",
      "type": "LyricalReferenceTo"
    },
    {
      "source": "song:16035",
      "target": "song:5455",
      "type": "LyricalReferenceTo"
    },
    {
      "source": "song:14482",
      "target": "song:5455",
      "type": "InStyleOf"
    },
    {
      "source": "song:12344",
      "target": "song:3512",
      "type": "DirectlySamples"
    },
    {
      "source": "song:2303",
      "target": "song:3512",
      "type": "InterpolatesFrom"
    },
    {
      "source": "song:6864",
      "target": "song:3512",
      "type": "InStyleOf"
    },
    {
      "source": "song:3512",
      "target": "song:1018",
      "type": "InStyleOf"
    },
    {
      "source": "song:16404",
      "target": "song:1018",
      "type": "InStyleOf"
    },
    {
      "source": "song:15396",
      "target": "song:5455",
      "type": "InterpolatesFrom"
    },
    {
      "source": "song:13361",
      "target": "song:5455",
      "type": "InterpolatesFrom"
    },
    {
      "source": "song:7568",
      "target": "song:1018",
      "type": "LyricalReferenceTo"
    },
    {
      "source": "song:1853",
      "target": "song:1018",
      "type": "InStyleOf"
    },
    {
      "source": "song:7969",
      "target": "song:13361",
      "type": "CoverOf"
    },
    {
      "source": "song:15241",
      "target": "song:3512",
      "type": "InStyleOf"
    },
    {
      "source": "song:10120",
      "target": "song:3512",
      "type": "InStyleOf"
    },
    {
      "source": "song:7842",
      "target": "song:1018",
      "type": "InStyleOf"
    },
    {
      "source": "song:15241",
      "target": "song:1018",
      "type": "CoverOf"
    },
    {
      "source": "song:7969",
      "target": "song:5455",
      "type": "InStyleOf"
    },
    {
      "source": "song:5407",
      "target": "song:1018",
      "type": "InStyleOf"
    },
    {
      "source": "song:5407",
      "target": "song:3512",
      "type": "LyricalReferenceTo"
    },
    {
      "source": "song:2525",
      "target": "song:5455",
      "type": "LyricalReferenceTo"
    },
    {
      "source": "song:3123",
      "target": "song:5455",
      "type": "LyricalReferenceTo"
    },
    {
      "source": "song:6158",
      "target": "song:3512",
      "type": "DirectlySamples"
    },
    {
      "source": "song:6864",
      "target": "song:1018",
      "type": "InStyleOf"
    },
    {
      "source": "song:8372",
      "target": "song:5455",
      "type": "LyricalReferenceTo"
    },
    {
      "source": "song:15838",
      "target": "song:13361",
      "type": "LyricalReferenceTo"
    },
    {
      "source": "song:10120",
      "target": "song:1018",
      "type": "DirectlySamples"
    },
    {
      "source": "song:8078",
      "target": "song:5455",
      "type": "CoverOf"
    },
    {
      "source": "song:6158",
      "target": "song:1018",
      "type": "InStyleOf"
    },
    {
      "source": "song:7842",
      "target": "song:3512",
      "type": "InterpolatesFrom"
    },
    {
      "source": "song:4557",
      "target": "song:3512",
      "type": "InterpolatesFrom"
    },
    {
      "source": "song:12933",
      "target": "song:5455",
      "type": "InStyleOf"
    }
  ]
}