{
  "person_id": 10220,
  "name": "Xiulan Yang",
  "stage_name": null,
  "nodes": [
    {
      "id": "song:10218",
      "song_id": 10218,
      "title": "Highland Crossing",
      "genre": "Americana",
      "notable": true,
      "release_year": 2013,
      "single": true,
      "own": true,
      "artist_id": 10220,
      "artist_name": "Xiulan Yang",
      "influence": 0,
      "influence_breakdown": {
        "cover": 0,
        "sample": 0,
        "reference": 0,
        "style": 0
      },
      "relation_types": []
    }
  ],
  "links": []
}