{
  "person_id": 10228,
  "name": "Robert Renault",
  "stage_name": null,
  "nodes": [
    {
      "id": "song:10226",
      "song_id": 10226,
      "title": "Echoes of the Distant Shore",
      "genre": "Indie Folk",
      "notable": true,
      "release_year": 1991,
      "single": true,
      "own": true,
      "artist_id": 10228,
      "artist_name": "Robert Renault",
      "influence": 0,
      "influence_breakdown": {
        "cover": 0,
        "sample": 0,
        "reference": 0,
        "style": 0
      },
      "relation_types": []
    }
  ],
  "links": []
}