{
  "person_id": 10248,
  "name": "Melissa Watson",
  "stage_name": null,
  "nodes": [
    {
      "id": "song:10247",
      "song_id": 10247,
      "title": "Empty Spaces",
      "genre": "Southern Gothic Rock",
      "notable": true,
      "release_year": 2013,
      "single": true,
      "own": true,
      "artist_id": 10248,
      "artist_name": "Melissa Watson",
      "influence": 0,
      "influence_breakdown": {
        "cover": 0,
        "sample": 0,
        "reference": 0,
        "style": 0
      },
      "relation_types": []
    }
  ],
  "links": []
}