{
  "person_id": 10262,
  "name": "Mark Heath",
  "stage_name": null,
  "nodes": [
    {
      "id": "song:10259",
      "song_id": 10259,
      "title": "Transjordan Twilight",
      "genre": "Jazz Surf Rock",
      "notable": true,
      "release_year": 2028,
      "single": true,
      "own": true,
      "artist_id": 10262,
      "artist_name": "Mark Heath",
      "influence": 2,
      "influence_breakdown": {
        "cover": 0,
        "sample": 0,
        "reference": 0,
        "style": 1
      },
      "relation_types": []
    },
    {
      "id": "song:9834",
      "song_id": 9834,
      "title": "Street-Smart Serenade",
      "genre": "Indie Rock",
      "notable": true,
      "release_year": 2029,
      "single": false,
      "own": false,
      "artist_id": 9836,
      "artist_name": "Yan Lai",
      "influence": 0,
      "influence_breakdown": {
        "cover": 0,
        "sample": 0,
        "reference": 0,
        "style": 0
      },
      "relation_types": [
        "InStyleOf"
      ]
    }
  ],
  "links": [
    {
      "source": "song:9834",
      "target": "song:10259",
      "type": "InStyleOf"
    }
  ]
}