{
  "person_id": 10305,
  "name": "Magdalene Fliegner",
  "stage_name": null,
  "nodes": [
    {
      "id": "song:10301",
      "song_id": 10301,
      "title": "Silver Screen Soirée",
      "genre": "Symphonic Metal",
      "notable": true,
      "release_year": 2010,
      "single": true,
      "own": true,
      "artist_id": 10305,
      "artist_name": "Magdalene Fliegner",
      "influence": 0,
      "influence_breakdown": {
        "cover": 0,
        "sample": 0,
        "reference": 0,
        "style": 0
      },
      "relation_types": []
    }
  ],
  "links": []
}