{
  "person_id": 1030,
  "name": "Chantal Gérard",
  "stage_name": null,
  "nodes": [
    {
      "id": "song:1024",
      "song_id": 1024,
      "title": "Whispers from the Gold Rush",
      "genre": "Dream Pop",
      "notable": false,
      "release_year": 2029,
      "single": true,
      "own": true,
      "artist_id": 1030,
      "artist_name": "Chantal Gérard",
      "influence": 0,
      "influence_breakdown": {
        "cover": 0,
        "sample": 0,
        "reference": 0,
        "style": 0
      },
      "relation_types": []
    },
    {
      "id": "song:1242",
      "song_id": 1242,
      "title": "Manger's Midnight Lullaby",
      "genre": "Dream Pop",
      "notable": true,
      "release_year": 2020,
      "single": true,
      "own": true,
      "artist_id": 1030,
      "artist_name": "Chantal Gérard",
      "influence": 5,
      "influence_breakdown": {
        "cover": 1,
        "sample": 0,
        "reference": 0,
        "style": 0
      },
      "relation_types": []
    }
  ],
  "links": [
    {
      "source": "song:1024",
      "target": "song:1242",
      "type": "CoverOf"
    }
  ]
}