{
  "person_id": 10303,
  "name": "Konrad Meissner",
  "stage_name": null,
  "nodes": [
    {
      "id": "song:10301",
      "song_id": 10301,
      "title": "Silver Screen Soirée",
      "genre": "Symphonic Metal",
      "notable": true,
      "release_year": 2010,
      "single": true,
      "own": true,
      "artist_id": 10303,
      "artist_name": "Konrad Meissner",
      "influence": 0,
      "influence_breakdown": {
        "cover": 0,
        "sample": 0,
        "reference": 0,
        "style": 0
      },
      "relation_types": []
    },
    {
      "id": "song:10859",
      "song_id": 10859,
      "title": "Bortglömd Brevlåda vid Landsvägen (Forgotten Mailbox by the Road)",
      "genre": "Doom Metal",
      "notable": true,
      "release_year": 2013,
      "single": false,
      "own": true,
      "artist_id": 10303,
      "artist_name": "Konrad Meissner",
      "influence": 0,
      "influence_breakdown": {
        "cover": 0,
        "sample": 0,
        "reference": 0,
        "style": 0
      },
      "relation_types": []
    },
    {
      "id": "song:15839",
      "song_id": 15839,
      "title": "She's Not The Same Anymore",
      "genre": "Doom Metal",
      "notable": true,
      "release_year": 2017,
      "single": true,
      "own": true,
      "artist_id": 10303,
      "artist_name": "Konrad Meissner",
      "influence": 2,
      "influence_breakdown": {
        "cover": 0,
        "sample": 0,
        "reference": 0,
        "style": 1
      },
      "relation_types": []
    },
    {
      "id": "song:4752",
      "song_id": 4752,
      "title": "Olfactory Obsession",
      "genre": "Doom Metal",
      "notable": true,
      "release_year": 2020,
      "single": false,
      "own": false,
      "artist_id": 4753,
      "artist_name": "Bartek Krężołek ( Neon Ghost)",
      "influence": 0,
      "influence_breakdown": {
        "cover": 0,
        "sample": 0,
        "reference": 0,
        "style": 0
      },
      "relation_types": [
        "InStyleOf"
      ]
    }
  ],
  "links": [
    {
      "source": "song:4752",
      "target": "song:15839",
      "type": "InStyleOf"
    }
  ]
}