{
  "person_id": 10365,
  "name": "Tao Hou",
  "stage_name": null,
  "nodes": [
    {
      "id": "song:10361",
      "song_id": 10361,
      "title": "Unbroken Chains",
      "genre": "Post-Apocalyptic Folk",
      "notable": true,
      "release_year": 2011,
      "single": true,
      "own": true,
      "artist_id": 10365,
      "artist_name": "Tao Hou",
      "influence": 17,
      "influence_breakdown": {
        "cover": 1,
        "sample": 0,
        "reference": 2,
        "style": 3
      },
      "relation_types": []
    },
    {
      "id": "song:846",
      "song_id": 846,
      "title": "Polished Perfection",
      "genre": "Doom Metal",
      "notable": true,
      "release_year": 2017,
      "single": true,
      "own": false,
      "artist_id": 847,
      "artist_name": "Robert Harris",
      "influence": 0,
      "influence_breakdown": {
        "cover": 0,
        "sample": 0,
        "reference": 0,
        "style": 0
      },
      "relation_types": [
        "InStyleOf"
      ]
    },
    {
      "id": "song:5559",
      "song_id": 5559,
      "title": "Infused Intentions",
      "genre": "Synthpop",
      "notable": true,
      "release_year": 2023,
      "single": true,
      "own": false,
      "artist_id": 5562,
      "artist_name": "Mitchell Mcdonald",
      "influence": 0,
      "influence_breakdown": {
        "cover": 0,
        "sample": 0,
        "reference": 0,
        "style": 0
      },
      "relation_types": [
        "InterpolatesFrom"
      ]
    },
    {
      "id": "song:7278",
      "song_id": 7278,
      "title": "Requiem for a Fading Self",
      "genre": "Synthwave",
      "notable": true,
      "release_year": 2022,
      "single": true,
      "own": false,
      "artist_id": 7279,
      "artist_name": "Keith Larsen",
      "influence": 0,
      "influence_breakdown": {
        "cover": 0,
        "sample": 0,
        "reference": 0,
        "style": 0
      },
      "relation_types": [
        "InStyleOf"
      ]
    },
    {
      "id": "song:7611",
      "song_id": 7611,
      "title": "Blurred Lines of Truth",
      "genre": "Dream Pop",
      "notable": true,
      "release_year": 2029,
      "single": true,
      "own": false,
      "artist_id": 207,
      "artist_name": "Juan Jia",
      "influence": 0,
      "influence_breakdown": {
        "cover": 0,
        "sample": 0,
        "reference": 0,
        "style": 0
      },
      "relation_types": [
        "InStyleOf"
      ]
    },
    {
      "id": "song:13088",
      "song_id": 13088,
      "title": "Grandfather's Warning",
      "genre": "Symphonic Metal",
      "notable": true,
      "release_year": 2026,
      "single": true,
      "own": false,
      "artist_id": 13090,
      "artist_name": "Fang Wu",
      "influence": 0,
      "influence_breakdown": {
        "cover": 0,
        "sample": 0,
        "reference": 0,
        "style": 0
      },
      "relation_types": [
        "CoverOf"
      ]
    },
    {
      "id": "song:16672",
      "song_id": 16672,
      "title": "Echoes of Electric Rage",
      "genre": "Dream Pop",
      "notable": true,
      "release_year": 2023,
      "single": true,
      "own": false,
      "artist_id": 16673,
      "artist_name": "Radomír Hruška",
      "influence": 0,
      "influence_breakdown": {
        "cover": 0,
        "sample": 0,
        "reference": 0,
        "style": 0
      },
      "relation_types": [
        "LyricalReferenceTo"
      ]
    }
  ],
  "links": [
    {
      "source": "song:5559",
      "target": "song:10361",
      "type": "InterpolatesFrom"
    },
    {
      "source": "song:7611",
      "target": "song:10361",
      "type": "InStyleOf"
    },
    {
      "source": "song:846",
      "target": "song:10361",
      "type": "InStyleOf"
    },
    {
      "source": "song:13088",
      "target": "song:10361",
      "type": "CoverOf"
    },
    {
      "source": "song:16672",
      "target": "song:10361",
      "type": "LyricalReferenceTo"
    },
    {
      "source": "song:7278",
      "target": "song:10361",
      "type": "InStyleOf"
    }
  ]
}