{
  "person_id": 10377,
  "name": "Przemysław Szałkiewicz",
  "stage_name": null,
  "nodes": [
    {
      "id": "song:13229",
      "song_id": 13229,
      "title": "Throne and Tears",
      "genre": "Doom Metal",
      "notable": true,
      "release_year": 2013,
      "single": true,
      "own": true,
      "artist_id": 10377,
      "artist_name": "Przemysław Szałkiewicz",
      "influence": 5,
      "influence_breakdown": {
        "cover": 1,
        "sample": 0,
        "reference": 0,
        "style": 0
      },
      "relation_types": []
    },
    {
      "id": "song:10376",
      "song_id": 10376,
      "title": "Choreography of Chaos",
      "genre": "Dream Pop",
      "notable": true,
      "release_year": 2029,
      "single": true,
      "own": true,
      "artist_id": 10377,
      "artist_name": "Przemysław Szałkiewicz",
      "influence": 0,
      "influence_breakdown": {
        "cover": 0,
        "sample": 0,
        "reference": 0,
        "style": 0
      },
      "relation_types": []
    },
    {
      "id": "song:4400",
      "song_id": 4400,
      "title": "The Lower Depths",
      "genre": "Indie Rock",
      "notable": true,
      "release_year": 2017,
      "single": true,
      "own": false,
      "artist_id": 4403,
      "artist_name": "Mariah Ramirez",
      "influence": 0,
      "influence_breakdown": {
        "cover": 0,
        "sample": 0,
        "reference": 0,
        "style": 0
      },
      "relation_types": [
        "CoverOf"
      ]
    }
  ],
  "links": [
    {
      "source": "song:4400",
      "target": "song:13229",
      "type": "CoverOf"
    }
  ]
}