{
  "person_id": 104,
  "name": "Enzio Caffarelli",
  "stage_name": null,
  "nodes": [
    {
      "id": "song:102",
      "song_id": 102,
      "title": "Neon Nacht Bewegung",
      "genre": "Doom Metal",
      "notable": true,
      "release_year": 2000,
      "single": true,
      "own": true,
      "artist_id": 104,
      "artist_name": "Enzio Caffarelli",
      "influence": 0,
      "influence_breakdown": {
        "cover": 0,
        "sample": 0,
        "reference": 0,
        "style": 0
      },
      "relation_types": []
    }
  ],
  "links": []
}