{
  "person_id": 10405,
  "name": "Moritz Keudel",
  "stage_name": null,
  "nodes": [
    {
      "id": "song:10404",
      "song_id": 10404,
      "title": "Lineage Lost",
      "genre": "Indie Folk",
      "notable": true,
      "release_year": 2017,
      "single": false,
      "own": true,
      "artist_id": 10405,
      "artist_name": "Moritz Keudel",
      "influence": 0,
      "influence_breakdown": {
        "cover": 0,
        "sample": 0,
        "reference": 0,
        "style": 0
      },
      "relation_types": []
    }
  ],
  "links": []
}