{
  "person_id": 10416,
  "name": "Chao Yi",
  "stage_name": null,
  "nodes": [
    {
      "id": "song:13784",
      "song_id": 13784,
      "title": "Sinking Certainty",
      "genre": "Americana",
      "notable": true,
      "release_year": 2023,
      "single": true,
      "own": true,
      "artist_id": 10416,
      "artist_name": "Chao Yi",
      "influence": 0,
      "influence_breakdown": {
        "cover": 0,
        "sample": 0,
        "reference": 0,
        "style": 0
      },
      "relation_types": []
    },
    {
      "id": "song:10415",
      "song_id": 10415,
      "title": "Sinking Serenade",
      "genre": "Indie Folk",
      "notable": true,
      "release_year": 2017,
      "single": true,
      "own": true,
      "artist_id": 10416,
      "artist_name": "Chao Yi",
      "influence": 3,
      "influence_breakdown": {
        "cover": 0,
        "sample": 0,
        "reference": 1,
        "style": 0
      },
      "relation_types": []
    }
  ],
  "links": [
    {
      "source": "song:13784",
      "target": "song:10415",
      "type": "LyricalReferenceTo"
    }
  ]
}