{
  "person_id": 10438,
  "name": "Blake Melton",
  "stage_name": null,
  "nodes": [
    {
      "id": "song:10437",
      "song_id": 10437,
      "title": "Shadows Between Breaths",
      "genre": "Dream Pop",
      "notable": true,
      "release_year": 2007,
      "single": true,
      "own": true,
      "artist_id": 10438,
      "artist_name": "Blake Melton",
      "influence": 2,
      "influence_breakdown": {
        "cover": 0,
        "sample": 0,
        "reference": 0,
        "style": 1
      },
      "relation_types": []
    },
    {
      "id": "song:2238",
      "song_id": 2238,
      "title": "Love's Courageous Path",
      "genre": "Synthwave",
      "notable": true,
      "release_year": 2009,
      "single": true,
      "own": false,
      "artist_id": 2240,
      "artist_name": "Jing Yi",
      "influence": 0,
      "influence_breakdown": {
        "cover": 0,
        "sample": 0,
        "reference": 0,
        "style": 0
      },
      "relation_types": [
        "InStyleOf"
      ]
    }
  ],
  "links": [
    {
      "source": "song:2238",
      "target": "song:10437",
      "type": "InStyleOf"
    }
  ]
}