{
  "person_id": 1043,
  "name": "Katherine Castillo",
  "stage_name": null,
  "nodes": [
    {
      "id": "song:1033",
      "song_id": 1033,
      "title": "Forty-Niners' Lament",
      "genre": "Dream Pop",
      "notable": false,
      "release_year": 2028,
      "single": true,
      "own": true,
      "artist_id": 1043,
      "artist_name": "Katherine Castillo",
      "influence": 0,
      "influence_breakdown": {
        "cover": 0,
        "sample": 0,
        "reference": 0,
        "style": 0
      },
      "relation_types": []
    }
  ],
  "links": []
}