{
  "person_id": 10445,
  "name": "Emily Taylor",
  "stage_name": null,
  "nodes": [
    {
      "id": "song:10444",
      "song_id": 10444,
      "title": "Your Time Has Come",
      "genre": "Indie Folk",
      "notable": true,
      "release_year": 2017,
      "single": true,
      "own": true,
      "artist_id": 10445,
      "artist_name": "Emily Taylor",
      "influence": 10,
      "influence_breakdown": {
        "cover": 1,
        "sample": 0,
        "reference": 1,
        "style": 1
      },
      "relation_types": []
    },
    {
      "id": "song:10142",
      "song_id": 10142,
      "title": "Harmony of Heartache",
      "genre": "Doom Metal",
      "notable": true,
      "release_year": 2029,
      "single": true,
      "own": false,
      "artist_id": 7774,
      "artist_name": "Claudia Lee",
      "influence": 0,
      "influence_breakdown": {
        "cover": 0,
        "sample": 0,
        "reference": 0,
        "style": 0
      },
      "relation_types": [
        "InStyleOf"
      ]
    },
    {
      "id": "song:12386",
      "song_id": 12386,
      "title": "Wilderness Echoes: Sámi Violin Chronicles",
      "genre": "Indie Folk",
      "notable": true,
      "release_year": 2029,
      "single": true,
      "own": false,
      "artist_id": 6667,
      "artist_name": "Ming Zhu",
      "influence": 0,
      "influence_breakdown": {
        "cover": 0,
        "sample": 0,
        "reference": 0,
        "style": 0
      },
      "relation_types": [
        "LyricalReferenceTo"
      ]
    },
    {
      "id": "song:16590",
      "song_id": 16590,
      "title": "Nerd Nation",
      "genre": "Americana",
      "notable": true,
      "release_year": 2026,
      "single": true,
      "own": false,
      "artist_id": 16593,
      "artist_name": "Xiuying Xia",
      "influence": 0,
      "influence_breakdown": {
        "cover": 0,
        "sample": 0,
        "reference": 0,
        "style": 0
      },
      "relation_types": [
        "CoverOf"
      ]
    }
  ],
  "links": [
    {
      "source": "song:16590",
      "target": "song:10444",
      "type": "CoverOf"
    },
    {
      "source": "song:12386",
      "target": "song:10444",
      "type": "LyricalReferenceTo"
    },
    {
      "source": "song:10142",
      "target": "song:10444",
      "type": "InStyleOf"
    }
  ]
}