{
  "person_id": 10442,
  "name": "Kelly Jones",
  "stage_name": null,
  "nodes": [
    {
      "id": "song:12233",
      "song_id": 12233,
      "title": "Breaking Point",
      "genre": "Indie Pop",
      "notable": true,
      "release_year": 2012,
      "single": true,
      "own": true,
      "artist_id": 10442,
      "artist_name": "Kelly Jones",
      "influence": 8,
      "influence_breakdown": {
        "cover": 1,
        "sample": 0,
        "reference": 1,
        "style": 0
      },
      "relation_types": []
    },
    {
      "id": "song:13703",
      "song_id": 13703,
      "title": "Unraveling Our Story",
      "genre": "Dream Pop",
      "notable": true,
      "release_year": 2027,
      "single": true,
      "own": true,
      "artist_id": 10442,
      "artist_name": "Kelly Jones",
      "influence": 0,
      "influence_breakdown": {
        "cover": 0,
        "sample": 0,
        "reference": 0,
        "style": 0
      },
      "relation_types": []
    },
    {
      "id": "song:3660",
      "song_id": 3660,
      "title": "Cosmo and Wanda's Chaos",
      "genre": "Blues Rock",
      "notable": true,
      "release_year": 2022,
      "single": true,
      "own": false,
      "artist_id": 3661,
      "artist_name": "Melissa Wyatt",
      "influence": 0,
      "influence_breakdown": {
        "cover": 0,
        "sample": 0,
        "reference": 0,
        "style": 0
      },
      "relation_types": [
        "CoverOf"
      ]
    },
    {
      "id": "song:10994",
      "song_id": 10994,
      "title": "Forgotten Grace: A Milagros Tale",
      "genre": "Southern Gothic Rock",
      "notable": true,
      "release_year": 2017,
      "single": true,
      "own": false,
      "artist_id": 3662,
      "artist_name": "David Wilkerson",
      "influence": 0,
      "influence_breakdown": {
        "cover": 0,
        "sample": 0,
        "reference": 0,
        "style": 0
      },
      "relation_types": [
        "LyricalReferenceTo"
      ]
    }
  ],
  "links": [
    {
      "source": "song:3660",
      "target": "song:12233",
      "type": "CoverOf"
    },
    {
      "source": "song:10994",
      "target": "song:12233",
      "type": "LyricalReferenceTo"
    }
  ]
}