{
  "person_id": 10462,
  "name": "Jun Shen",
  "stage_name": null,
  "nodes": [
    {
      "id": "song:10461",
      "song_id": 10461,
      "title": "Echoes of Passion",
      "genre": "Dream Pop",
      "notable": true,
      "release_year": 2013,
      "single": true,
      "own": true,
      "artist_id": 10462,
      "artist_name": "Jun Shen",
      "influence": 0,
      "influence_breakdown": {
        "cover": 0,
        "sample": 0,
        "reference": 0,
        "style": 0
      },
      "relation_types": []
    }
  ],
  "links": []
}