{
  "person_id": 10466,
  "name": "Fang Ma",
  "stage_name": null,
  "nodes": [
    {
      "id": "song:10464",
      "song_id": 10464,
      "title": "Petals of Contrasting Hearts",
      "genre": "Synthwave",
      "notable": true,
      "release_year": 2007,
      "single": true,
      "own": true,
      "artist_id": 10466,
      "artist_name": "Fang Ma",
      "influence": 2,
      "influence_breakdown": {
        "cover": 0,
        "sample": 0,
        "reference": 0,
        "style": 1
      },
      "relation_types": []
    },
    {
      "id": "song:11104",
      "song_id": 11104,
      "title": "Echoes of an Unknown Landscape",
      "genre": "Indie Folk",
      "notable": true,
      "release_year": 2027,
      "single": true,
      "own": false,
      "artist_id": 11107,
      "artist_name": "Li Cao",
      "influence": 0,
      "influence_breakdown": {
        "cover": 0,
        "sample": 0,
        "reference": 0,
        "style": 0
      },
      "relation_types": [
        "InStyleOf"
      ]
    }
  ],
  "links": [
    {
      "source": "song:11104",
      "target": "song:10464",
      "type": "InStyleOf"
    }
  ]
}