{
  "person_id": 10470,
  "name": "Min Gong",
  "stage_name": null,
  "nodes": [
    {
      "id": "song:10469",
      "song_id": 10469,
      "title": "Garden of Divided Colors",
      "genre": "Space Rock",
      "notable": true,
      "release_year": 2015,
      "single": true,
      "own": true,
      "artist_id": 10470,
      "artist_name": "Min Gong",
      "influence": 11,
      "influence_breakdown": {
        "cover": 1,
        "sample": 0,
        "reference": 2,
        "style": 0
      },
      "relation_types": []
    },
    {
      "id": "song:6293",
      "song_id": 6293,
      "title": "Scars of Knowledge",
      "genre": "Dream Pop",
      "notable": true,
      "release_year": 2025,
      "single": true,
      "own": false,
      "artist_id": 1337,
      "artist_name": "Guiying Ding",
      "influence": 0,
      "influence_breakdown": {
        "cover": 0,
        "sample": 0,
        "reference": 0,
        "style": 0
      },
      "relation_types": [
        "InterpolatesFrom"
      ]
    },
    {
      "id": "song:13088",
      "song_id": 13088,
      "title": "Grandfather's Warning",
      "genre": "Symphonic Metal",
      "notable": true,
      "release_year": 2026,
      "single": true,
      "own": false,
      "artist_id": 13090,
      "artist_name": "Fang Wu",
      "influence": 0,
      "influence_breakdown": {
        "cover": 0,
        "sample": 0,
        "reference": 0,
        "style": 0
      },
      "relation_types": [
        "CoverOf"
      ]
    },
    {
      "id": "song:13413",
      "song_id": 13413,
      "title": "Snowbound Hearts",
      "genre": "Indie Folk",
      "notable": true,
      "release_year": 2022,
      "single": true,
      "own": false,
      "artist_id": 13414,
      "artist_name": "Dhruv Mall",
      "influence": 0,
      "influence_breakdown": {
        "cover": 0,
        "sample": 0,
        "reference": 0,
        "style": 0
      },
      "relation_types": [
        "LyricalReferenceTo"
      ]
    }
  ],
  "links": [
    {
      "source": "song:13088",
      "target": "song:10469",
      "type": "CoverOf"
    },
    {
      "source": "song:13413",
      "target": "song:10469",
      "type": "LyricalReferenceTo"
    },
    {
      "source": "song:6293",
      "target": "song:10469",
      "type": "InterpolatesFrom"
    }
  ]
}