{
  "person_id": 10506,
  "name": "Xia Yuan",
  "stage_name": null,
  "nodes": [
    {
      "id": "song:10505",
      "song_id": 10505,
      "title": "Leave Everything Untouched",
      "genre": "Jazz Surf Rock",
      "notable": true,
      "release_year": 2027,
      "single": true,
      "own": true,
      "artist_id": 10506,
      "artist_name": "Xia Yuan",
      "influence": 0,
      "influence_breakdown": {
        "cover": 0,
        "sample": 0,
        "reference": 0,
        "style": 0
      },
      "relation_types": []
    }
  ],
  "links": []
}