{
  "person_id": 10514,
  "name": "Paula Palmer",
  "stage_name": null,
  "nodes": [
    {
      "id": "song:10513",
      "song_id": 10513,
      "title": "Silent Observer",
      "genre": "Blues Rock",
      "notable": true,
      "release_year": 1991,
      "single": true,
      "own": true,
      "artist_id": 10514,
      "artist_name": "Paula Palmer",
      "influence": 3,
      "influence_breakdown": {
        "cover": 0,
        "sample": 0,
        "reference": 1,
        "style": 0
      },
      "relation_types": []
    },
    {
      "id": "song:4897",
      "song_id": 4897,
      "title": "Unfiltered Light",
      "genre": "Blues Rock",
      "notable": true,
      "release_year": 2016,
      "single": true,
      "own": false,
      "artist_id": 4898,
      "artist_name": "Scott Flores",
      "influence": 0,
      "influence_breakdown": {
        "cover": 0,
        "sample": 0,
        "reference": 0,
        "style": 0
      },
      "relation_types": [
        "InterpolatesFrom"
      ]
    }
  ],
  "links": [
    {
      "source": "song:4897",
      "target": "song:10513",
      "type": "InterpolatesFrom"
    }
  ]
}