{
  "person_id": 10518,
  "name": "Jessica Russell",
  "stage_name": null,
  "nodes": [
    {
      "id": "song:10517",
      "song_id": 10517,
      "title": "Grape Escape",
      "genre": "Indie Folk",
      "notable": true,
      "release_year": 2027,
      "single": true,
      "own": true,
      "artist_id": 10518,
      "artist_name": "Jessica Russell",
      "influence": 0,
      "influence_breakdown": {
        "cover": 0,
        "sample": 0,
        "reference": 0,
        "style": 0
      },
      "relation_types": []
    }
  ],
  "links": []
}