{
  "person_id": 10516,
  "name": "Adira Chaudhuri",
  "stage_name": null,
  "nodes": [
    {
      "id": "song:10515",
      "song_id": 10515,
      "title": "The Weight of Inaction",
      "genre": "Indie Pop",
      "notable": true,
      "release_year": 1992,
      "single": true,
      "own": true,
      "artist_id": 10516,
      "artist_name": "Adira Chaudhuri",
      "influence": 20,
      "influence_breakdown": {
        "cover": 3,
        "sample": 0,
        "reference": 1,
        "style": 1
      },
      "relation_types": []
    },
    {
      "id": "song:3626",
      "song_id": 3626,
      "title": "Quarantine of Souls",
      "genre": "Emo/Pop Punk",
      "notable": true,
      "release_year": 2021,
      "single": false,
      "own": false,
      "artist_id": 1098,
      "artist_name": "Guiying Bai",
      "influence": 0,
      "influence_breakdown": {
        "cover": 0,
        "sample": 0,
        "reference": 0,
        "style": 0
      },
      "relation_types": [
        "CoverOf"
      ]
    },
    {
      "id": "song:5232",
      "song_id": 5232,
      "title": "Whispers of Ancient Branches",
      "genre": "Emo/Pop Punk",
      "notable": true,
      "release_year": 2009,
      "single": true,
      "own": false,
      "artist_id": 1098,
      "artist_name": "Guiying Bai",
      "influence": 0,
      "influence_breakdown": {
        "cover": 0,
        "sample": 0,
        "reference": 0,
        "style": 0
      },
      "relation_types": [
        "CoverOf"
      ]
    },
    {
      "id": "song:7194",
      "song_id": 7194,
      "title": "Hold Me Closer (Don't Let Go)",
      "genre": "Emo/Pop Punk",
      "notable": true,
      "release_year": 2002,
      "single": true,
      "own": false,
      "artist_id": 1098,
      "artist_name": "Guiying Bai",
      "influence": 0,
      "influence_breakdown": {
        "cover": 0,
        "sample": 0,
        "reference": 0,
        "style": 0
      },
      "relation_types": [
        "LyricalReferenceTo"
      ]
    },
    {
      "id": "song:11240",
      "song_id": 11240,
      "title": "The Anchor Holds",
      "genre": "Emo/Pop Punk",
      "notable": true,
      "release_year": 2004,
      "single": true,
      "own": false,
      "artist_id": 1098,
      "artist_name": "Guiying Bai",
      "influence": 0,
      "influence_breakdown": {
        "cover": 0,
        "sample": 0,
        "reference": 0,
        "style": 0
      },
      "relation_types": [
        "InStyleOf"
      ]
    },
    {
      "id": "song:13557",
      "song_id": 13557,
      "title": "Your Truth, My Reality",
      "genre": "Emo/Pop Punk",
      "notable": true,
      "release_year": 2009,
      "single": true,
      "own": false,
      "artist_id": 1098,
      "artist_name": "Guiying Bai",
      "influence": 0,
      "influence_breakdown": {
        "cover": 0,
        "sample": 0,
        "reference": 0,
        "style": 0
      },
      "relation_types": [
        "CoverOf"
      ]
    }
  ],
  "links": [
    {
      "source": "song:7194",
      "target": "song:10515",
      "type": "LyricalReferenceTo"
    },
    {
      "source": "song:13557",
      "target": "song:10515",
      "type": "CoverOf"
    },
    {
      "source": "song:3626",
      "target": "song:10515",
      "type": "CoverOf"
    },
    {
      "source": "song:11240",
      "target": "song:10515",
      "type": "InStyleOf"
    },
    {
      "source": "song:5232",
      "target": "song:10515",
      "type": "CoverOf"
    }
  ]
}