{
  "person_id": 10529,
  "name": "Omar Lewis",
  "stage_name": null,
  "nodes": [
    {
      "id": "song:10523",
      "song_id": 10523,
      "title": "Sommelier's Serenade",
      "genre": "Dream Pop",
      "notable": true,
      "release_year": 2022,
      "single": true,
      "own": true,
      "artist_id": 10529,
      "artist_name": "Omar Lewis",
      "influence": 0,
      "influence_breakdown": {
        "cover": 0,
        "sample": 0,
        "reference": 0,
        "style": 0
      },
      "relation_types": []
    }
  ],
  "links": []
}