{
  "person_id": 1053,
  "name": "Dominique Perret",
  "stage_name": null,
  "nodes": [
    {
      "id": "song:1051",
      "song_id": 1051,
      "title": "Dust and Dreams of '49",
      "genre": "Dream Pop",
      "notable": true,
      "release_year": 2010,
      "single": true,
      "own": true,
      "artist_id": 1053,
      "artist_name": "Dominique Perret",
      "influence": 0,
      "influence_breakdown": {
        "cover": 0,
        "sample": 0,
        "reference": 0,
        "style": 0
      },
      "relation_types": []
    },
    {
      "id": "song:3727",
      "song_id": 3727,
      "title": "Primordial Heartbeat",
      "genre": "Dream Pop",
      "notable": true,
      "release_year": 2017,
      "single": true,
      "own": true,
      "artist_id": 1053,
      "artist_name": "Dominique Perret",
      "influence": 4,
      "influence_breakdown": {
        "cover": 0,
        "sample": 1,
        "reference": 0,
        "style": 0
      },
      "relation_types": []
    },
    {
      "id": "song:8709",
      "song_id": 8709,
      "title": "Frames of Memory",
      "genre": "Indie Rock",
      "notable": true,
      "release_year": 2020,
      "single": true,
      "own": false,
      "artist_id": 8710,
      "artist_name": "Denise Perez",
      "influence": 0,
      "influence_breakdown": {
        "cover": 0,
        "sample": 0,
        "reference": 0,
        "style": 0
      },
      "relation_types": [
        "DirectlySamples"
      ]
    }
  ],
  "links": [
    {
      "source": "song:8709",
      "target": "song:3727",
      "type": "DirectlySamples"
    }
  ]
}