{
  "person_id": 10548,
  "name": "Alisha Hartman",
  "stage_name": null,
  "nodes": [
    {
      "id": "song:10544",
      "song_id": 10544,
      "title": "Fragments of You",
      "genre": "Jazz Surf Rock",
      "notable": true,
      "release_year": 2027,
      "single": true,
      "own": true,
      "artist_id": 10548,
      "artist_name": "Alisha Hartman",
      "influence": 0,
      "influence_breakdown": {
        "cover": 0,
        "sample": 0,
        "reference": 0,
        "style": 0
      },
      "relation_types": []
    }
  ],
  "links": []
}