{
  "person_id": 10547,
  "name": "Na Shao",
  "stage_name": null,
  "nodes": [
    {
      "id": "song:10544",
      "song_id": 10544,
      "title": "Fragments of You",
      "genre": "Jazz Surf Rock",
      "notable": true,
      "release_year": 2027,
      "single": true,
      "own": true,
      "artist_id": 10547,
      "artist_name": "Na Shao",
      "influence": 0,
      "influence_breakdown": {
        "cover": 0,
        "sample": 0,
        "reference": 0,
        "style": 0
      },
      "relation_types": []
    }
  ],
  "links": []
}