{
  "person_id": 10577,
  "name": "Gang Zheng",
  "stage_name": null,
  "nodes": [
    {
      "id": "song:10576",
      "song_id": 10576,
      "title": "Competing Courtships",
      "genre": "Synthwave",
      "notable": true,
      "release_year": 2011,
      "single": true,
      "own": true,
      "artist_id": 10577,
      "artist_name": "Gang Zheng",
      "influence": 0,
      "influence_breakdown": {
        "cover": 0,
        "sample": 0,
        "reference": 0,
        "style": 0
      },
      "relation_types": []
    }
  ],
  "links": []
}