{
  "person_id": 10583,
  "name": "Lei Shao",
  "stage_name": null,
  "nodes": [
    {
      "id": "song:10582",
      "song_id": 10582,
      "title": "The Shared Desire",
      "genre": "Symphonic Metal",
      "notable": true,
      "release_year": 2029,
      "single": true,
      "own": true,
      "artist_id": 10583,
      "artist_name": "Lei Shao",
      "influence": 0,
      "influence_breakdown": {
        "cover": 0,
        "sample": 0,
        "reference": 0,
        "style": 0
      },
      "relation_types": []
    }
  ],
  "links": []
}