{
  "person_id": 10633,
  "name": "Jennifer Boyer",
  "stage_name": null,
  "nodes": [
    {
      "id": "song:10632",
      "song_id": 10632,
      "title": "Whispers of Delphi",
      "genre": "Indie Folk",
      "notable": true,
      "release_year": 2013,
      "single": true,
      "own": true,
      "artist_id": 10633,
      "artist_name": "Jennifer Boyer",
      "influence": 0,
      "influence_breakdown": {
        "cover": 0,
        "sample": 0,
        "reference": 0,
        "style": 0
      },
      "relation_types": []
    }
  ],
  "links": []
}