{
  "person_id": 10637,
  "name": "Ming Zhong",
  "stage_name": null,
  "nodes": [
    {
      "id": "song:10636",
      "song_id": 10636,
      "title": "Prophetic Shadows",
      "genre": "Jazz Surf Rock",
      "notable": true,
      "release_year": 2027,
      "single": true,
      "own": true,
      "artist_id": 10637,
      "artist_name": "Ming Zhong",
      "influence": 0,
      "influence_breakdown": {
        "cover": 0,
        "sample": 0,
        "reference": 0,
        "style": 0
      },
      "relation_types": []
    },
    {
      "id": "song:13538",
      "song_id": 13538,
      "title": "Summer of '76",
      "genre": "Oceanus Folk",
      "notable": true,
      "release_year": 2024,
      "single": false,
      "own": true,
      "artist_id": 10637,
      "artist_name": "Ming Zhong",
      "influence": 2,
      "influence_breakdown": {
        "cover": 0,
        "sample": 0,
        "reference": 0,
        "style": 1
      },
      "relation_types": []
    }
  ],
  "links": [
    {
      "source": "song:10636",
      "target": "song:13538",
      "type": "InStyleOf"
    }
  ]
}