{
  "person_id": 10650,
  "name": "Lei Guo",
  "stage_name": null,
  "nodes": [
    {
      "id": "song:10648",
      "song_id": 10648,
      "title": "Passionate Pianissimo Passages",
      "genre": "Dream Pop",
      "notable": true,
      "release_year": 1999,
      "single": false,
      "own": true,
      "artist_id": 10650,
      "artist_name": "Lei Guo",
      "influence": 0,
      "influence_breakdown": {
        "cover": 0,
        "sample": 0,
        "reference": 0,
        "style": 0
      },
      "relation_types": []
    }
  ],
  "links": []
}