{
  "person_id": 10664,
  "name": "Elizabeth Garcia",
  "stage_name": null,
  "nodes": [
    {
      "id": "song:14589",
      "song_id": 14589,
      "title": "Digital Frontier",
      "genre": "Americana",
      "notable": true,
      "release_year": 2027,
      "single": true,
      "own": true,
      "artist_id": 10664,
      "artist_name": "Elizabeth Garcia",
      "influence": 0,
      "influence_breakdown": {
        "cover": 0,
        "sample": 0,
        "reference": 0,
        "style": 0
      },
      "relation_types": []
    },
    {
      "id": "song:10662",
      "song_id": 10662,
      "title": "Breath of the Stag",
      "genre": "Dream Pop",
      "notable": true,
      "release_year": 2029,
      "single": true,
      "own": true,
      "artist_id": 10664,
      "artist_name": "Elizabeth Garcia",
      "influence": 0,
      "influence_breakdown": {
        "cover": 0,
        "sample": 0,
        "reference": 0,
        "style": 0
      },
      "relation_types": []
    }
  ],
  "links": []
}