{
  "person_id": 10665,
  "name": "Ming Dai",
  "stage_name": null,
  "nodes": [
    {
      "id": "song:10662",
      "song_id": 10662,
      "title": "Breath of the Stag",
      "genre": "Dream Pop",
      "notable": true,
      "release_year": 2029,
      "single": true,
      "own": true,
      "artist_id": 10665,
      "artist_name": "Ming Dai",
      "influence": 0,
      "influence_breakdown": {
        "cover": 0,
        "sample": 0,
        "reference": 0,
        "style": 0
      },
      "relation_types": []
    }
  ],
  "links": []
}