{
  "person_id": 10682,
  "name": "Bianka Herrmann",
  "stage_name": null,
  "nodes": [
    {
      "id": "song:10681",
      "song_id": 10681,
      "title": "Bethlehem's Bohemian Bells",
      "genre": "Doom Metal",
      "notable": true,
      "release_year": 2007,
      "single": true,
      "own": true,
      "artist_id": 10682,
      "artist_name": "Bianka Herrmann",
      "influence": 0,
      "influence_breakdown": {
        "cover": 0,
        "sample": 0,
        "reference": 0,
        "style": 0
      },
      "relation_types": []
    }
  ],
  "links": []
}