{
  "person_id": 10720,
  "name": "Sean Rogers",
  "stage_name": null,
  "nodes": [
    {
      "id": "song:10716",
      "song_id": 10716,
      "title": "Guardians of Honor",
      "genre": "Americana",
      "notable": true,
      "release_year": 2027,
      "single": false,
      "own": true,
      "artist_id": 10720,
      "artist_name": "Sean Rogers",
      "influence": 0,
      "influence_breakdown": {
        "cover": 0,
        "sample": 0,
        "reference": 0,
        "style": 0
      },
      "relation_types": []
    }
  ],
  "links": []
}