{
  "person_id": 10737,
  "name": "Yan Xiong",
  "stage_name": null,
  "nodes": [
    {
      "id": "song:10736",
      "song_id": 10736,
      "title": "Pure Heart's Dance",
      "genre": "Space Rock",
      "notable": true,
      "release_year": 2023,
      "single": true,
      "own": true,
      "artist_id": 10737,
      "artist_name": "Yan Xiong",
      "influence": 0,
      "influence_breakdown": {
        "cover": 0,
        "sample": 0,
        "reference": 0,
        "style": 0
      },
      "relation_types": []
    }
  ],
  "links": []
}