{
  "person_id": 10743,
  "name": "Brandon Morales",
  "stage_name": null,
  "nodes": [
    {
      "id": "song:10741",
      "song_id": 10741,
      "title": "Together We Stride",
      "genre": "Dream Pop",
      "notable": true,
      "release_year": 2027,
      "single": true,
      "own": true,
      "artist_id": 10743,
      "artist_name": "Brandon Morales",
      "influence": 0,
      "influence_breakdown": {
        "cover": 0,
        "sample": 0,
        "reference": 0,
        "style": 0
      },
      "relation_types": []
    }
  ],
  "links": []
}