{
  "person_id": 10766,
  "name": "Taichi Watanabe",
  "stage_name": null,
  "nodes": [
    {
      "id": "song:10765",
      "song_id": 10765,
      "title": "Shadows of Your Silence",
      "genre": "Southern Gothic Rock",
      "notable": true,
      "release_year": 2020,
      "single": true,
      "own": true,
      "artist_id": 10766,
      "artist_name": "Taichi Watanabe",
      "influence": 0,
      "influence_breakdown": {
        "cover": 0,
        "sample": 0,
        "reference": 0,
        "style": 0
      },
      "relation_types": []
    }
  ],
  "links": []
}