{
  "person_id": 10769,
  "name": "Stephen Chavez",
  "stage_name": null,
  "nodes": [
    {
      "id": "song:10767",
      "song_id": 10767,
      "title": "Fragments of an Unwritten Letter",
      "genre": "Dream Pop",
      "notable": true,
      "release_year": 2027,
      "single": true,
      "own": true,
      "artist_id": 10769,
      "artist_name": "Stephen Chavez",
      "influence": 0,
      "influence_breakdown": {
        "cover": 0,
        "sample": 0,
        "reference": 0,
        "style": 0
      },
      "relation_types": []
    }
  ],
  "links": []
}