{
  "person_id": 10770,
  "name": "Brian Gonzalez",
  "stage_name": null,
  "nodes": [
    {
      "id": "song:10767",
      "song_id": 10767,
      "title": "Fragments of an Unwritten Letter",
      "genre": "Dream Pop",
      "notable": true,
      "release_year": 2027,
      "single": true,
      "own": true,
      "artist_id": 10770,
      "artist_name": "Brian Gonzalez",
      "influence": 0,
      "influence_breakdown": {
        "cover": 0,
        "sample": 0,
        "reference": 0,
        "style": 0
      },
      "relation_types": []
    },
    {
      "id": "song:12429",
      "song_id": 12429,
      "title": "Sonic Magnitude",
      "genre": "Jazz Surf Rock",
      "notable": true,
      "release_year": 2028,
      "single": false,
      "own": true,
      "artist_id": 10770,
      "artist_name": "Brian Gonzalez",
      "influence": 0,
      "influence_breakdown": {
        "cover": 0,
        "sample": 0,
        "reference": 0,
        "style": 0
      },
      "relation_types": []
    }
  ],
  "links": []
}