{
  "person_id": 10775,
  "name": "Bernard-Alain Parent",
  "stage_name": null,
  "nodes": [
    {
      "id": "song:10773",
      "song_id": 10773,
      "title": "Grandfather's Weathered Hands",
      "genre": "Indie Folk",
      "notable": true,
      "release_year": 2017,
      "single": true,
      "own": true,
      "artist_id": 10775,
      "artist_name": "Bernard-Alain Parent",
      "influence": 0,
      "influence_breakdown": {
        "cover": 0,
        "sample": 0,
        "reference": 0,
        "style": 0
      },
      "relation_types": []
    }
  ],
  "links": []
}