{
  "person_id": 10789,
  "name": "Veer Raju",
  "stage_name": null,
  "nodes": [
    {
      "id": "song:10787",
      "song_id": 10787,
      "title": "Dirt Road Back Home",
      "genre": "Desert Rock",
      "notable": true,
      "release_year": 2024,
      "single": true,
      "own": true,
      "artist_id": 10789,
      "artist_name": "Veer Raju",
      "influence": 0,
      "influence_breakdown": {
        "cover": 0,
        "sample": 0,
        "reference": 0,
        "style": 0
      },
      "relation_types": []
    }
  ],
  "links": []
}