{
  "person_id": 10781,
  "name": "Lei Zhong",
  "stage_name": null,
  "nodes": [
    {
      "id": "song:10777",
      "song_id": 10777,
      "title": "Echoes of Forgotten Stories",
      "genre": "Space Rock",
      "notable": true,
      "release_year": 2029,
      "single": true,
      "own": true,
      "artist_id": 10781,
      "artist_name": "Lei Zhong",
      "influence": 0,
      "influence_breakdown": {
        "cover": 0,
        "sample": 0,
        "reference": 0,
        "style": 0
      },
      "relation_types": []
    }
  ],
  "links": []
}