{
  "person_id": 10009,
  "name": "Xiulan Shen",
  "stage_name": null,
  "nodes": [
    {
      "id": "song:10008",
      "song_id": 10008,
      "title": "The Vengeful Slumber",
      "genre": "Americana",
      "notable": true,
      "release_year": 2027,
      "single": true,
      "own": true,
      "artist_id": 10009,
      "artist_name": "Xiulan Shen",
      "influence": 0,
      "influence_breakdown": {
        "cover": 0,
        "sample": 0,
        "reference": 0,
        "style": 0
      },
      "relation_types": []
    }
  ],
  "links": []
}