{
  "person_id": 10003,
  "name": "Tao Qian",
  "stage_name": null,
  "nodes": [
    {
      "id": "song:10002",
      "song_id": 10002,
      "title": "Echoes of January's Remembrance",
      "genre": "Jazz Surf Rock",
      "notable": true,
      "release_year": 2013,
      "single": true,
      "own": true,
      "artist_id": 10003,
      "artist_name": "Tao Qian",
      "influence": 5,
      "influence_breakdown": {
        "cover": 1,
        "sample": 0,
        "reference": 0,
        "style": 0
      },
      "relation_types": []
    },
    {
      "id": "song:13969",
      "song_id": 13969,
      "title": "Copper and Silver Whispers",
      "genre": "Jazz Surf Rock",
      "notable": true,
      "release_year": 2022,
      "single": true,
      "own": false,
      "artist_id": 7489,
      "artist_name": "Torquato Fantini",
      "influence": 0,
      "influence_breakdown": {
        "cover": 0,
        "sample": 0,
        "reference": 0,
        "style": 0
      },
      "relation_types": [
        "CoverOf"
      ]
    }
  ],
  "links": [
    {
      "source": "song:13969",
      "target": "song:10002",
      "type": "CoverOf"
    }
  ]
}