{
  "person_id": 1001,
  "name": "Scott Daniel",
  "stage_name": null,
  "nodes": [
    {
      "id": "song:999",
      "song_id": 999,
      "title": "Gray Lungs, Aged Soul",
      "genre": "Americana",
      "notable": true,
      "release_year": 2027,
      "single": true,
      "own": true,
      "artist_id": 1001,
      "artist_name": "Scott Daniel",
      "influence": 0,
      "influence_breakdown": {
        "cover": 0,
        "sample": 0,
        "reference": 0,
        "style": 0
      },
      "relation_types": []
    }
  ],
  "links": []
}