{
  "person_id": 1002,
  "name": "Li Wu",
  "stage_name": null,
  "nodes": [
    {
      "id": "song:999",
      "song_id": 999,
      "title": "Gray Lungs, Aged Soul",
      "genre": "Americana",
      "notable": true,
      "release_year": 2027,
      "single": true,
      "own": true,
      "artist_id": 1002,
      "artist_name": "Li Wu",
      "influence": 0,
      "influence_breakdown": {
        "cover": 0,
        "sample": 0,
        "reference": 0,
        "style": 0
      },
      "relation_types": []
    },
    {
      "id": "song:15007",
      "song_id": 15007,
      "title": "Cadenas de Deseo",
      "genre": "Synthwave",
      "notable": true,
      "release_year": 2003,
      "single": true,
      "own": true,
      "artist_id": 1002,
      "artist_name": "Li Wu",
      "influence": 5,
      "influence_breakdown": {
        "cover": 1,
        "sample": 0,
        "reference": 0,
        "style": 0
      },
      "relation_types": []
    },
    {
      "id": "song:2500",
      "song_id": 2500,
      "title": "The Margins of Possibility",
      "genre": "Dream Pop",
      "notable": true,
      "release_year": 2008,
      "single": true,
      "own": false,
      "artist_id": 2501,
      "artist_name": "Na Yang",
      "influence": 0,
      "influence_breakdown": {
        "cover": 0,
        "sample": 0,
        "reference": 0,
        "style": 0
      },
      "relation_types": [
        "CoverOf"
      ]
    }
  ],
  "links": [
    {
      "source": "song:2500",
      "target": "song:15007",
      "type": "CoverOf"
    }
  ]
}