{
  "person_id": 10044,
  "name": "James Goodwin",
  "stage_name": null,
  "nodes": [
    {
      "id": "song:10043",
      "song_id": 10043,
      "title": "Keirans' Crumbling Stained Glass",
      "genre": "Emo/Pop Punk",
      "notable": true,
      "release_year": 2026,
      "single": true,
      "own": true,
      "artist_id": 10044,
      "artist_name": "James Goodwin",
      "influence": 0,
      "influence_breakdown": {
        "cover": 0,
        "sample": 0,
        "reference": 0,
        "style": 0
      },
      "relation_types": []
    }
  ],
  "links": []
}