{
  "person_id": 1005,
  "name": "Ping Tan",
  "stage_name": null,
  "nodes": [
    {
      "id": "song:999",
      "song_id": 999,
      "title": "Gray Lungs, Aged Soul",
      "genre": "Americana",
      "notable": true,
      "release_year": 2027,
      "single": true,
      "own": true,
      "artist_id": 1005,
      "artist_name": "Ping Tan",
      "influence": 0,
      "influence_breakdown": {
        "cover": 0,
        "sample": 0,
        "reference": 0,
        "style": 0
      },
      "relation_types": []
    },
    {
      "id": "song:6556",
      "song_id": 6556,
      "title": "La Última Jugada (The Last Move)",
      "genre": "Symphonic Metal",
      "notable": true,
      "release_year": 2027,
      "single": true,
      "own": true,
      "artist_id": 1005,
      "artist_name": "Ping Tan",
      "influence": 7,
      "influence_breakdown": {
        "cover": 0,
        "sample": 1,
        "reference": 1,
        "style": 0
      },
      "relation_types": []
    },
    {
      "id": "song:1515",
      "song_id": 1515,
      "title": "Regal Harmonies of the Palace",
      "genre": "Doom Metal",
      "notable": true,
      "release_year": 2029,
      "single": true,
      "own": false,
      "artist_id": 1518,
      "artist_name": "Juan Feng",
      "influence": 0,
      "influence_breakdown": {
        "cover": 0,
        "sample": 0,
        "reference": 0,
        "style": 0
      },
      "relation_types": [
        "InterpolatesFrom"
      ]
    },
    {
      "id": "song:15114",
      "song_id": 15114,
      "title": "Twitch and Tap",
      "genre": "Symphonic Metal",
      "notable": true,
      "release_year": 2028,
      "single": true,
      "own": false,
      "artist_id": 14954,
      "artist_name": "Jun Liao",
      "influence": 0,
      "influence_breakdown": {
        "cover": 0,
        "sample": 0,
        "reference": 0,
        "style": 0
      },
      "relation_types": [
        "DirectlySamples"
      ]
    }
  ],
  "links": [
    {
      "source": "song:15114",
      "target": "song:6556",
      "type": "DirectlySamples"
    },
    {
      "source": "song:1515",
      "target": "song:6556",
      "type": "InterpolatesFrom"
    }
  ]
}