{
  "person_id": 10083,
  "name": "Brandi Riley",
  "stage_name": null,
  "nodes": [
    {
      "id": "song:10081",
      "song_id": 10081,
      "title": "Fragments of a Shattered Heart",
      "genre": "Doom Metal",
      "notable": true,
      "release_year": 2013,
      "single": true,
      "own": true,
      "artist_id": 10083,
      "artist_name": "Brandi Riley",
      "influence": 0,
      "influence_breakdown": {
        "cover": 0,
        "sample": 0,
        "reference": 0,
        "style": 0
      },
      "relation_types": []
    },
    {
      "id": "song:14250",
      "song_id": 14250,
      "title": "Borrowed Noir Identity",
      "genre": "Indie Rock",
      "notable": true,
      "release_year": 2028,
      "single": true,
      "own": true,
      "artist_id": 10083,
      "artist_name": "Brandi Riley",
      "influence": 0,
      "influence_breakdown": {
        "cover": 0,
        "sample": 0,
        "reference": 0,
        "style": 0
      },
      "relation_types": []
    }
  ],
  "links": []
}