{
  "person_id": 10089,
  "name": "Kimaya Jaggi",
  "stage_name": null,
  "nodes": [
    {
      "id": "song:13154",
      "song_id": 13154,
      "title": "Letters Unwritten (A Marjolijn Story)",
      "genre": "Synthwave",
      "notable": true,
      "release_year": 1994,
      "single": true,
      "own": true,
      "artist_id": 10089,
      "artist_name": "Kimaya Jaggi",
      "influence": 0,
      "influence_breakdown": {
        "cover": 0,
        "sample": 0,
        "reference": 0,
        "style": 0
      },
      "relation_types": []
    }
  ],
  "links": []
}