{
  "person_id": 10115,
  "name": "Léon Lemaire",
  "stage_name": null,
  "nodes": [
    {
      "id": "song:10114",
      "song_id": 10114,
      "title": "The Open Entrance",
      "genre": "Indie Folk",
      "notable": true,
      "release_year": 1991,
      "single": false,
      "own": true,
      "artist_id": 10115,
      "artist_name": "Léon Lemaire",
      "influence": 0,
      "influence_breakdown": {
        "cover": 0,
        "sample": 0,
        "reference": 0,
        "style": 0
      },
      "relation_types": []
    }
  ],
  "links": []
}