{
  "person_id": 10112,
  "name": "Lei Cheng",
  "stage_name": null,
  "nodes": [
    {
      "id": "song:10111",
      "song_id": 10111,
      "title": "Passages of Light",
      "genre": "Darkwave",
      "notable": true,
      "release_year": 2019,
      "single": true,
      "own": true,
      "artist_id": 10112,
      "artist_name": "Lei Cheng",
      "influence": 36,
      "influence_breakdown": {
        "cover": 3,
        "sample": 1,
        "reference": 3,
        "style": 4
      },
      "relation_types": []
    },
    {
      "id": "song:1970",
      "song_id": 1970,
      "title": "Footsteps in the Forest's Embrace",
      "genre": "Darkwave",
      "notable": true,
      "release_year": 2027,
      "single": false,
      "own": false,
      "artist_id": 1971,
      "artist_name": "George Russell ( August)",
      "influence": 0,
      "influence_breakdown": {
        "cover": 0,
        "sample": 0,
        "reference": 0,
        "style": 0
      },
      "relation_types": [
        "CoverOf"
      ]
    },
    {
      "id": "song:6076",
      "song_id": 6076,
      "title": "Tiny Nation, Endless Dreams",
      "genre": "Dream Pop",
      "notable": true,
      "release_year": 2017,
      "single": false,
      "own": false,
      "artist_id": 6078,
      "artist_name": "Osamu Yamashita",
      "influence": 0,
      "influence_breakdown": {
        "cover": 0,
        "sample": 0,
        "reference": 0,
        "style": 0
      },
      "relation_types": [
        "InStyleOf"
      ]
    },
    {
      "id": "song:6286",
      "song_id": 6286,
      "title": "Distant from Her Desire",
      "genre": "Darkwave",
      "notable": true,
      "release_year": 2028,
      "single": false,
      "own": false,
      "artist_id": 178,
      "artist_name": "Li Mo",
      "influence": 0,
      "influence_breakdown": {
        "cover": 0,
        "sample": 0,
        "reference": 0,
        "style": 0
      },
      "relation_types": [
        "CoverOf"
      ]
    },
    {
      "id": "song:8640",
      "song_id": 8640,
      "title": "Sacred Soil's Lament",
      "genre": "Post-Apocalyptic Folk",
      "notable": true,
      "release_year": 2026,
      "single": true,
      "own": false,
      "artist_id": 7398,
      "artist_name": "Charles Vazquez",
      "influence": 0,
      "influence_breakdown": {
        "cover": 0,
        "sample": 0,
        "reference": 0,
        "style": 0
      },
      "relation_types": [
        "CoverOf"
      ]
    },
    {
      "id": "song:10270",
      "song_id": 10270,
      "title": "Crossing the Promised Boundary",
      "genre": "Post-Apocalyptic Folk",
      "notable": true,
      "release_year": 2026,
      "single": true,
      "own": false,
      "artist_id": 3363,
      "artist_name": "Xiuying Xie",
      "influence": 0,
      "influence_breakdown": {
        "cover": 0,
        "sample": 0,
        "reference": 0,
        "style": 0
      },
      "relation_types": [
        "InStyleOf"
      ]
    },
    {
      "id": "song:10767",
      "song_id": 10767,
      "title": "Fragments of an Unwritten Letter",
      "genre": "Dream Pop",
      "notable": true,
      "release_year": 2027,
      "single": true,
      "own": false,
      "artist_id": 10768,
      "artist_name": "Dean Stevens",
      "influence": 0,
      "influence_breakdown": {
        "cover": 0,
        "sample": 0,
        "reference": 0,
        "style": 0
      },
      "relation_types": [
        "InStyleOf"
      ]
    },
    {
      "id": "song:11442",
      "song_id": 11442,
      "title": "The Forgotten Serenade of Carmela",
      "genre": "Dream Pop",
      "notable": true,
      "release_year": 2026,
      "single": true,
      "own": false,
      "artist_id": 11444,
      "artist_name": "Robert Strickland",
      "influence": 0,
      "influence_breakdown": {
        "cover": 0,
        "sample": 0,
        "reference": 0,
        "style": 0
      },
      "relation_types": [
        "InStyleOf"
      ]
    },
    {
      "id": "song:11646",
      "song_id": 11646,
      "title": "Daddy's Little Ghost",
      "genre": "Alternative Rock",
      "notable": true,
      "release_year": 2030,
      "single": true,
      "own": false,
      "artist_id": 6974,
      "artist_name": "Li Wen",
      "influence": 0,
      "influence_breakdown": {
        "cover": 0,
        "sample": 0,
        "reference": 0,
        "style": 0
      },
      "relation_types": [
        "DirectlySamples"
      ]
    },
    {
      "id": "song:13332",
      "song_id": 13332,
      "title": "Mozart's Numerical Ghost",
      "genre": "Darkwave",
      "notable": true,
      "release_year": 2022,
      "single": false,
      "own": false,
      "artist_id": 593,
      "artist_name": "Li Lei",
      "influence": 0,
      "influence_breakdown": {
        "cover": 0,
        "sample": 0,
        "reference": 0,
        "style": 0
      },
      "relation_types": [
        "LyricalReferenceTo"
      ]
    },
    {
      "id": "song:14095",
      "song_id": 14095,
      "title": "Sule Skerry's Lament",
      "genre": "Synthwave",
      "notable": true,
      "release_year": 2027,
      "single": false,
      "own": false,
      "artist_id": 14096,
      "artist_name": "Hridaan Rout",
      "influence": 0,
      "influence_breakdown": {
        "cover": 0,
        "sample": 0,
        "reference": 0,
        "style": 0
      },
      "relation_types": [
        "InterpolatesFrom"
      ]
    },
    {
      "id": "song:16244",
      "song_id": 16244,
      "title": "Whispers of the Resonant String",
      "genre": "Darkwave",
      "notable": true,
      "release_year": 2020,
      "single": true,
      "own": false,
      "artist_id": 16245,
      "artist_name": "Kenneth Robinson",
      "influence": 0,
      "influence_breakdown": {
        "cover": 0,
        "sample": 0,
        "reference": 0,
        "style": 0
      },
      "relation_types": [
        "LyricalReferenceTo"
      ]
    }
  ],
  "links": [
    {
      "source": "song:10270",
      "target": "song:10111",
      "type": "InStyleOf"
    },
    {
      "source": "song:11646",
      "target": "song:10111",
      "type": "DirectlySamples"
    },
    {
      "source": "song:16244",
      "target": "song:10111",
      "type": "LyricalReferenceTo"
    },
    {
      "source": "song:14095",
      "target": "song:10111",
      "type": "InterpolatesFrom"
    },
    {
      "source": "song:1970",
      "target": "song:10111",
      "type": "CoverOf"
    },
    {
      "source": "song:8640",
      "target": "song:10111",
      "type": "CoverOf"
    },
    {
      "source": "song:6286",
      "target": "song:10111",
      "type": "CoverOf"
    },
    {
      "source": "song:10767",
      "target": "song:10111",
      "type": "InStyleOf"
    },
    {
      "source": "song:13332",
      "target": "song:10111",
      "type": "LyricalReferenceTo"
    },
    {
      "source": "song:11442",
      "target": "song:10111",
      "type": "InStyleOf"
    },
    {
      "source": "song:6076",
      "target": "song:10111",
      "type": "InStyleOf"
    }
  ]
}