{
  "person_id": 10127,
  "name": "Chiyo Ota",
  "stage_name": null,
  "nodes": [
    {
      "id": "song:10124",
      "song_id": 10124,
      "title": "Hunger for Your Love",
      "genre": "Indie Folk",
      "notable": true,
      "release_year": 2010,
      "single": false,
      "own": true,
      "artist_id": 10127,
      "artist_name": "Chiyo Ota",
      "influence": 0,
      "influence_breakdown": {
        "cover": 0,
        "sample": 0,
        "reference": 0,
        "style": 0
      },
      "relation_types": []
    }
  ],
  "links": []
}