{
  "person_id": 10131,
  "name": "Rhonda Guerrero",
  "stage_name": null,
  "nodes": [
    {
      "id": "song:10128",
      "song_id": 10128,
      "title": "Swallow Me Whole",
      "genre": "Desert Rock",
      "notable": true,
      "release_year": 2023,
      "single": true,
      "own": true,
      "artist_id": 10131,
      "artist_name": "Rhonda Guerrero",
      "influence": 0,
      "influence_breakdown": {
        "cover": 0,
        "sample": 0,
        "reference": 0,
        "style": 0
      },
      "relation_types": []
    }
  ],
  "links": []
}