{
  "person_id": 1014,
  "name": "Li Wan",
  "stage_name": null,
  "nodes": [
    {
      "id": "song:4216",
      "song_id": 4216,
      "title": "Hemoglobin Highway",
      "genre": "Dream Pop",
      "notable": true,
      "release_year": 2013,
      "single": true,
      "own": true,
      "artist_id": 1014,
      "artist_name": "Li Wan",
      "influence": 0,
      "influence_breakdown": {
        "cover": 0,
        "sample": 0,
        "reference": 0,
        "style": 0
      },
      "relation_types": []
    },
    {
      "id": "song:10975",
      "song_id": 10975,
      "title": "Futsal Fever",
      "genre": "Synthwave",
      "notable": true,
      "release_year": 2018,
      "single": false,
      "own": true,
      "artist_id": 1014,
      "artist_name": "Li Wan",
      "influence": 7,
      "influence_breakdown": {
        "cover": 1,
        "sample": 0,
        "reference": 0,
        "style": 1
      },
      "relation_types": []
    },
    {
      "id": "song:11726",
      "song_id": 11726,
      "title": "Today Feels Like Forever",
      "genre": "Indie Folk",
      "notable": true,
      "release_year": 2017,
      "single": true,
      "own": true,
      "artist_id": 1014,
      "artist_name": "Li Wan",
      "influence": 0,
      "influence_breakdown": {
        "cover": 0,
        "sample": 0,
        "reference": 0,
        "style": 0
      },
      "relation_types": []
    },
    {
      "id": "song:1966",
      "song_id": 1966,
      "title": "Whispers Among the Emerald Branches",
      "genre": "Synthwave",
      "notable": true,
      "release_year": 2023,
      "single": true,
      "own": false,
      "artist_id": 1968,
      "artist_name": "Ping Zhou",
      "influence": 0,
      "influence_breakdown": {
        "cover": 0,
        "sample": 0,
        "reference": 0,
        "style": 0
      },
      "relation_types": [
        "CoverOf"
      ]
    },
    {
      "id": "song:3362",
      "song_id": 3362,
      "title": "Rising From the Shadows",
      "genre": "Synthwave",
      "notable": true,
      "release_year": 2022,
      "single": false,
      "own": false,
      "artist_id": 3364,
      "artist_name": "Jun Lin",
      "influence": 0,
      "influence_breakdown": {
        "cover": 0,
        "sample": 0,
        "reference": 0,
        "style": 0
      },
      "relation_types": [
        "InStyleOf"
      ]
    }
  ],
  "links": [
    {
      "source": "song:1966",
      "target": "song:10975",
      "type": "CoverOf"
    },
    {
      "source": "song:3362",
      "target": "song:10975",
      "type": "InStyleOf"
    }
  ]
}