{
  "person_id": 10147,
  "name": "Yan Li",
  "stage_name": null,
  "nodes": [
    {
      "id": "song:10143",
      "song_id": 10143,
      "title": "Blue Note Lullaby",
      "genre": "Synthwave",
      "notable": true,
      "release_year": 2012,
      "single": true,
      "own": true,
      "artist_id": 10147,
      "artist_name": "Yan Li",
      "influence": 4,
      "influence_breakdown": {
        "cover": 0,
        "sample": 1,
        "reference": 0,
        "style": 0
      },
      "relation_types": []
    },
    {
      "id": "song:3913",
      "song_id": 3913,
      "title": "Perfectly Okay",
      "genre": "Synthwave",
      "notable": true,
      "release_year": 2026,
      "single": true,
      "own": false,
      "artist_id": 1606,
      "artist_name": "Jun Zheng",
      "influence": 0,
      "influence_breakdown": {
        "cover": 0,
        "sample": 0,
        "reference": 0,
        "style": 0
      },
      "relation_types": [
        "DirectlySamples"
      ]
    }
  ],
  "links": [
    {
      "source": "song:3913",
      "target": "song:10143",
      "type": "DirectlySamples"
    }
  ]
}