{
  "person_id": 10154,
  "name": "Lei Jiang",
  "stage_name": null,
  "nodes": [
    {
      "id": "song:10153",
      "song_id": 10153,
      "title": "Whispers of Green Twilight",
      "genre": "Psychedelic Rock",
      "notable": true,
      "release_year": 2027,
      "single": false,
      "own": true,
      "artist_id": 10154,
      "artist_name": "Lei Jiang",
      "influence": 0,
      "influence_breakdown": {
        "cover": 0,
        "sample": 0,
        "reference": 0,
        "style": 0
      },
      "relation_types": []
    }
  ],
  "links": []
}