{
  "person_id": 10195,
  "name": "Natan Molka",
  "stage_name": null,
  "nodes": [
    {
      "id": "song:10194",
      "song_id": 10194,
      "title": "Symphonie du Voyage",
      "genre": "Southern Gothic Rock",
      "notable": true,
      "release_year": 2023,
      "single": false,
      "own": true,
      "artist_id": 10195,
      "artist_name": "Natan Molka",
      "influence": 0,
      "influence_breakdown": {
        "cover": 0,
        "sample": 0,
        "reference": 0,
        "style": 0
      },
      "relation_types": []
    }
  ],
  "links": []
}