{
  "person_id": 10199,
  "name": "Patrick Herrera",
  "stage_name": null,
  "nodes": [
    {
      "id": "song:10198",
      "song_id": 10198,
      "title": "Healing the Forgotten Kingdom",
      "genre": "Indie Folk",
      "notable": true,
      "release_year": 2020,
      "single": false,
      "own": true,
      "artist_id": 10199,
      "artist_name": "Patrick Herrera",
      "influence": 0,
      "influence_breakdown": {
        "cover": 0,
        "sample": 0,
        "reference": 0,
        "style": 0
      },
      "relation_types": []
    }
  ],
  "links": []
}