{
  "person_id": 10212,
  "name": "Robert Jenkins",
  "stage_name": null,
  "nodes": [
    {
      "id": "song:10211",
      "song_id": 10211,
      "title": "Remedies of the Ancient Realm",
      "genre": "Space Rock",
      "notable": true,
      "release_year": 2021,
      "single": true,
      "own": true,
      "artist_id": 10212,
      "artist_name": "Robert Jenkins",
      "influence": 19,
      "influence_breakdown": {
        "cover": 1,
        "sample": 0,
        "reference": 4,
        "style": 1
      },
      "relation_types": []
    },
    {
      "id": "song:4821",
      "song_id": 4821,
      "title": "Single-Handed Horizon",
      "genre": "Dream Pop",
      "notable": true,
      "release_year": 2028,
      "single": true,
      "own": false,
      "artist_id": 4822,
      "artist_name": "John Rivera (Hollow Reverberation)",
      "influence": 0,
      "influence_breakdown": {
        "cover": 0,
        "sample": 0,
        "reference": 0,
        "style": 0
      },
      "relation_types": [
        "InStyleOf"
      ]
    },
    {
      "id": "song:5818",
      "song_id": 5818,
      "title": "Two Souls, One Rhythm",
      "genre": "Synthwave",
      "notable": true,
      "release_year": 2024,
      "single": false,
      "own": false,
      "artist_id": 1649,
      "artist_name": "Lei He",
      "influence": 0,
      "influence_breakdown": {
        "cover": 0,
        "sample": 0,
        "reference": 0,
        "style": 0
      },
      "relation_types": [
        "LyricalReferenceTo"
      ]
    },
    {
      "id": "song:6560",
      "song_id": 6560,
      "title": "Estrategia del Corazón (Strategy of the Heart)",
      "genre": "Darkwave",
      "notable": true,
      "release_year": 2023,
      "single": true,
      "own": false,
      "artist_id": 2998,
      "artist_name": "Karl-Friedrich auch Schlauchin",
      "influence": 0,
      "influence_breakdown": {
        "cover": 0,
        "sample": 0,
        "reference": 0,
        "style": 0
      },
      "relation_types": [
        "InterpolatesFrom"
      ]
    },
    {
      "id": "song:7581",
      "song_id": 7581,
      "title": "The Eldest, The Middle, The Youngest",
      "genre": "Americana",
      "notable": true,
      "release_year": 2025,
      "single": true,
      "own": false,
      "artist_id": 1498,
      "artist_name": "Silvana Radisch",
      "influence": 0,
      "influence_breakdown": {
        "cover": 0,
        "sample": 0,
        "reference": 0,
        "style": 0
      },
      "relation_types": [
        "CoverOf"
      ]
    },
    {
      "id": "song:8969",
      "song_id": 8969,
      "title": "Daughter's Choice, Mother's Verdict",
      "genre": "Darkwave",
      "notable": true,
      "release_year": 2026,
      "single": false,
      "own": false,
      "artist_id": 8970,
      "artist_name": "Justin Hensley",
      "influence": 0,
      "influence_breakdown": {
        "cover": 0,
        "sample": 0,
        "reference": 0,
        "style": 0
      },
      "relation_types": [
        "InterpolatesFrom"
      ]
    },
    {
      "id": "song:9165",
      "song_id": 9165,
      "title": "Tracks of Forgotten Journeys",
      "genre": "Synthwave",
      "notable": true,
      "release_year": 2028,
      "single": true,
      "own": false,
      "artist_id": 9166,
      "artist_name": "Xia Zhou",
      "influence": 0,
      "influence_breakdown": {
        "cover": 0,
        "sample": 0,
        "reference": 0,
        "style": 0
      },
      "relation_types": [
        "InterpolatesFrom"
      ]
    }
  ],
  "links": [
    {
      "source": "song:8969",
      "target": "song:10211",
      "type": "InterpolatesFrom"
    },
    {
      "source": "song:5818",
      "target": "song:10211",
      "type": "LyricalReferenceTo"
    },
    {
      "source": "song:9165",
      "target": "song:10211",
      "type": "InterpolatesFrom"
    },
    {
      "source": "song:4821",
      "target": "song:10211",
      "type": "InStyleOf"
    },
    {
      "source": "song:6560",
      "target": "song:10211",
      "type": "InterpolatesFrom"
    },
    {
      "source": "song:7581",
      "target": "song:10211",
      "type": "CoverOf"
    }
  ]
}