{
  "person_id": 10234,
  "name": "Jason Baker",
  "stage_name": null,
  "nodes": [
    {
      "id": "song:10232",
      "song_id": 10232,
      "title": "Tonernas Samtal: En Barytons Bekännelse",
      "genre": "Indie Pop",
      "notable": true,
      "release_year": 1985,
      "single": true,
      "own": true,
      "artist_id": 10234,
      "artist_name": "Jason Baker",
      "influence": 2,
      "influence_breakdown": {
        "cover": 0,
        "sample": 0,
        "reference": 0,
        "style": 1
      },
      "relation_types": []
    },
    {
      "id": "song:7361",
      "song_id": 7361,
      "title": "Resonance Chamber",
      "genre": "Alternative Rock",
      "notable": true,
      "release_year": 2000,
      "single": false,
      "own": false,
      "artist_id": 7363,
      "artist_name": "Michael Smith",
      "influence": 0,
      "influence_breakdown": {
        "cover": 0,
        "sample": 0,
        "reference": 0,
        "style": 0
      },
      "relation_types": [
        "InStyleOf"
      ]
    }
  ],
  "links": [
    {
      "source": "song:7361",
      "target": "song:10232",
      "type": "InStyleOf"
    }
  ]
}