{
  "person_id": 10251,
  "name": "Fang Mao",
  "stage_name": null,
  "nodes": [
    {
      "id": "song:14609",
      "song_id": 14609,
      "title": "Protocol 212",
      "genre": "Dream Pop",
      "notable": true,
      "release_year": 2016,
      "single": true,
      "own": true,
      "artist_id": 10251,
      "artist_name": "Fang Mao",
      "influence": 0,
      "influence_breakdown": {
        "cover": 0,
        "sample": 0,
        "reference": 0,
        "style": 0
      },
      "relation_types": []
    },
    {
      "id": "song:13848",
      "song_id": 13848,
      "title": "Silent Letters of Signe",
      "genre": "Jazz Surf Rock",
      "notable": true,
      "release_year": 2012,
      "single": true,
      "own": true,
      "artist_id": 10251,
      "artist_name": "Fang Mao",
      "influence": 0,
      "influence_breakdown": {
        "cover": 0,
        "sample": 0,
        "reference": 0,
        "style": 0
      },
      "relation_types": []
    },
    {
      "id": "song:10249",
      "song_id": 10249,
      "title": "Echoes of Absence",
      "genre": "Synthwave",
      "notable": true,
      "release_year": 2004,
      "single": true,
      "own": true,
      "artist_id": 10251,
      "artist_name": "Fang Mao",
      "influence": 11,
      "influence_breakdown": {
        "cover": 1,
        "sample": 0,
        "reference": 0,
        "style": 3
      },
      "relation_types": []
    },
    {
      "id": "song:12599",
      "song_id": 12599,
      "title": "Whispers of the Siberian Pines",
      "genre": "Alternative Rock",
      "notable": true,
      "release_year": 2011,
      "single": true,
      "own": true,
      "artist_id": 10251,
      "artist_name": "Fang Mao",
      "influence": 3,
      "influence_breakdown": {
        "cover": 0,
        "sample": 0,
        "reference": 1,
        "style": 0
      },
      "relation_types": []
    },
    {
      "id": "song:5571",
      "song_id": 5571,
      "title": "Written in the Stars",
      "genre": "Jazz Surf Rock",
      "notable": true,
      "release_year": 2007,
      "single": true,
      "own": false,
      "artist_id": 5572,
      "artist_name": "Jun Luo",
      "influence": 0,
      "influence_breakdown": {
        "cover": 0,
        "sample": 0,
        "reference": 0,
        "style": 0
      },
      "relation_types": [
        "InStyleOf"
      ]
    },
    {
      "id": "song:12599",
      "song_id": 12599,
      "title": "Whispers of the Siberian Pines",
      "genre": "Alternative Rock",
      "notable": true,
      "release_year": 2011,
      "single": true,
      "own": false,
      "artist_id": 10250,
      "artist_name": "Li Wu",
      "influence": 0,
      "influence_breakdown": {
        "cover": 0,
        "sample": 0,
        "reference": 0,
        "style": 0
      },
      "relation_types": [
        "CoverOf"
      ]
    }
  ],
  "links": [
    {
      "source": "song:12599",
      "target": "song:10249",
      "type": "CoverOf"
    },
    {
      "source": "song:13848",
      "target": "song:10249",
      "type": "InStyleOf"
    },
    {
      "source": "song:14609",
      "target": "song:10249",
      "type": "InStyleOf"
    },
    {
      "source": "song:5571",
      "target": "song:10249",
      "type": "InStyleOf"
    },
    {
      "source": "song:14609",
      "target": "song:12599",
      "type": "LyricalReferenceTo"
    }
  ]
}