{
  "person_id": 10268,
  "name": "Janette Reuter",
  "stage_name": null,
  "nodes": [
    {
      "id": "song:10266",
      "song_id": 10266,
      "title": "Rivers of Ancient Memory",
      "genre": "Indie Folk",
      "notable": true,
      "release_year": 2020,
      "single": true,
      "own": true,
      "artist_id": 10268,
      "artist_name": "Janette Reuter",
      "influence": 0,
      "influence_breakdown": {
        "cover": 0,
        "sample": 0,
        "reference": 0,
        "style": 0
      },
      "relation_types": []
    }
  ],
  "links": []
}