{
  "person_id": 10273,
  "name": "Tao Li",
  "stage_name": null,
  "nodes": [
    {
      "id": "song:10270",
      "song_id": 10270,
      "title": "Crossing the Promised Boundary",
      "genre": "Post-Apocalyptic Folk",
      "notable": true,
      "release_year": 2026,
      "single": true,
      "own": true,
      "artist_id": 10273,
      "artist_name": "Tao Li",
      "influence": 0,
      "influence_breakdown": {
        "cover": 0,
        "sample": 0,
        "reference": 0,
        "style": 0
      },
      "relation_types": []
    }
  ],
  "links": []
}