{
  "person_id": 10316,
  "name": "Tülay Tlustek",
  "stage_name": null,
  "nodes": [
    {
      "id": "song:10313",
      "song_id": 10313,
      "title": "Whispers of a Wandering Soul",
      "genre": "Dream Pop",
      "notable": true,
      "release_year": 2022,
      "single": true,
      "own": true,
      "artist_id": 10316,
      "artist_name": "Tülay Tlustek",
      "influence": 0,
      "influence_breakdown": {
        "cover": 0,
        "sample": 0,
        "reference": 0,
        "style": 0
      },
      "relation_types": []
    }
  ],
  "links": []
}