{
  "person_id": 10378,
  "name": "Roksana Kurzak",
  "stage_name": null,
  "nodes": [
    {
      "id": "song:10376",
      "song_id": 10376,
      "title": "Choreography of Chaos",
      "genre": "Dream Pop",
      "notable": true,
      "release_year": 2029,
      "single": true,
      "own": true,
      "artist_id": 10378,
      "artist_name": "Roksana Kurzak",
      "influence": 0,
      "influence_breakdown": {
        "cover": 0,
        "sample": 0,
        "reference": 0,
        "style": 0
      },
      "relation_types": []
    }
  ],
  "links": []
}