{
  "person_id": 10391,
  "name": "Li Lei",
  "stage_name": null,
  "nodes": [
    {
      "id": "song:10390",
      "song_id": 10390,
      "title": "Stanzas in the Schoolyard",
      "genre": "Southern Gothic Rock",
      "notable": true,
      "release_year": 2009,
      "single": true,
      "own": true,
      "artist_id": 10391,
      "artist_name": "Li Lei",
      "influence": 0,
      "influence_breakdown": {
        "cover": 0,
        "sample": 0,
        "reference": 0,
        "style": 0
      },
      "relation_types": []
    }
  ],
  "links": []
}