{
  "person_id": 10411,
  "name": "Gang Meng",
  "stage_name": null,
  "nodes": [
    {
      "id": "song:10406",
      "song_id": 10406,
      "title": "The Misplaced Heir",
      "genre": "Oceanus Folk",
      "notable": true,
      "release_year": 2023,
      "single": true,
      "own": true,
      "artist_id": 10411,
      "artist_name": "Gang Meng",
      "influence": 0,
      "influence_breakdown": {
        "cover": 0,
        "sample": 0,
        "reference": 0,
        "style": 0
      },
      "relation_types": []
    }
  ],
  "links": []
}