{
  "person_id": 10451,
  "name": "Erdmute Hermann-Karge",
  "stage_name": null,
  "nodes": [
    {
      "id": "song:10448",
      "song_id": 10448,
      "title": "Captured Heart",
      "genre": "Jazz Surf Rock",
      "notable": true,
      "release_year": 2015,
      "single": true,
      "own": true,
      "artist_id": 10451,
      "artist_name": "Erdmute Hermann-Karge",
      "influence": 0,
      "influence_breakdown": {
        "cover": 0,
        "sample": 0,
        "reference": 0,
        "style": 0
      },
      "relation_types": []
    },
    {
      "id": "song:12367",
      "song_id": 12367,
      "title": "Sunset in the Saddle",
      "genre": "Indie Folk",
      "notable": true,
      "release_year": 2007,
      "single": true,
      "own": true,
      "artist_id": 10451,
      "artist_name": "Erdmute Hermann-Karge",
      "influence": 5,
      "influence_breakdown": {
        "cover": 1,
        "sample": 0,
        "reference": 0,
        "style": 0
      },
      "relation_types": []
    },
    {
      "id": "song:13423",
      "song_id": 13423,
      "title": "Stereotype Rebel",
      "genre": "Indie Folk",
      "notable": true,
      "release_year": 2010,
      "single": true,
      "own": true,
      "artist_id": 10451,
      "artist_name": "Erdmute Hermann-Karge",
      "influence": 2,
      "influence_breakdown": {
        "cover": 0,
        "sample": 0,
        "reference": 0,
        "style": 1
      },
      "relation_types": []
    },
    {
      "id": "song:11117",
      "song_id": 11117,
      "title": "Glömda Konturer (Forgotten Contours)",
      "genre": "Synthwave",
      "notable": true,
      "release_year": 2017,
      "single": true,
      "own": false,
      "artist_id": 11120,
      "artist_name": "Jun Jin",
      "influence": 0,
      "influence_breakdown": {
        "cover": 0,
        "sample": 0,
        "reference": 0,
        "style": 0
      },
      "relation_types": [
        "CoverOf"
      ]
    }
  ],
  "links": [
    {
      "source": "song:10448",
      "target": "song:13423",
      "type": "InStyleOf"
    },
    {
      "source": "song:11117",
      "target": "song:12367",
      "type": "CoverOf"
    }
  ]
}