{
  "person_id": 10452,
  "name": "Erkan Barkholz",
  "stage_name": null,
  "nodes": [
    {
      "id": "song:13423",
      "song_id": 13423,
      "title": "Stereotype Rebel",
      "genre": "Indie Folk",
      "notable": true,
      "release_year": 2010,
      "single": true,
      "own": true,
      "artist_id": 10452,
      "artist_name": "Erkan Barkholz",
      "influence": 2,
      "influence_breakdown": {
        "cover": 0,
        "sample": 0,
        "reference": 0,
        "style": 1
      },
      "relation_types": []
    },
    {
      "id": "song:15621",
      "song_id": 15621,
      "title": "Chapters Unwritten",
      "genre": "Indie Folk",
      "notable": true,
      "release_year": 2004,
      "single": true,
      "own": true,
      "artist_id": 10452,
      "artist_name": "Erkan Barkholz",
      "influence": 0,
      "influence_breakdown": {
        "cover": 0,
        "sample": 0,
        "reference": 0,
        "style": 0
      },
      "relation_types": []
    },
    {
      "id": "song:10448",
      "song_id": 10448,
      "title": "Captured Heart",
      "genre": "Jazz Surf Rock",
      "notable": true,
      "release_year": 2015,
      "single": true,
      "own": true,
      "artist_id": 10452,
      "artist_name": "Erkan Barkholz",
      "influence": 0,
      "influence_breakdown": {
        "cover": 0,
        "sample": 0,
        "reference": 0,
        "style": 0
      },
      "relation_types": []
    },
    {
      "id": "song:12367",
      "song_id": 12367,
      "title": "Sunset in the Saddle",
      "genre": "Indie Folk",
      "notable": true,
      "release_year": 2007,
      "single": true,
      "own": true,
      "artist_id": 10452,
      "artist_name": "Erkan Barkholz",
      "influence": 5,
      "influence_breakdown": {
        "cover": 1,
        "sample": 0,
        "reference": 0,
        "style": 0
      },
      "relation_types": []
    },
    {
      "id": "song:13104",
      "song_id": 13104,
      "title": "The Vertical Fall",
      "genre": "Synthwave",
      "notable": false,
      "release_year": 1997,
      "single": true,
      "own": true,
      "artist_id": 10452,
      "artist_name": "Erkan Barkholz",
      "influence": 6,
      "influence_breakdown": {
        "cover": 0,
        "sample": 1,
        "reference": 0,
        "style": 1
      },
      "relation_types": []
    },
    {
      "id": "song:10448",
      "song_id": 10448,
      "title": "Captured Heart",
      "genre": "Jazz Surf Rock",
      "notable": true,
      "release_year": 2015,
      "single": true,
      "own": false,
      "artist_id": 10450,
      "artist_name": "Urte Bachmann",
      "influence": 0,
      "influence_breakdown": {
        "cover": 0,
        "sample": 0,
        "reference": 0,
        "style": 0
      },
      "relation_types": [
        "InStyleOf"
      ]
    },
    {
      "id": "song:11117",
      "song_id": 11117,
      "title": "Glömda Konturer (Forgotten Contours)",
      "genre": "Synthwave",
      "notable": true,
      "release_year": 2017,
      "single": true,
      "own": false,
      "artist_id": 11120,
      "artist_name": "Jun Jin",
      "influence": 0,
      "influence_breakdown": {
        "cover": 0,
        "sample": 0,
        "reference": 0,
        "style": 0
      },
      "relation_types": [
        "CoverOf"
      ]
    },
    {
      "id": "song:563",
      "song_id": 563,
      "title": "Destination You",
      "genre": "Synthwave",
      "notable": true,
      "release_year": 2026,
      "single": true,
      "own": false,
      "artist_id": 564,
      "artist_name": "Yan Su",
      "influence": 0,
      "influence_breakdown": {
        "cover": 0,
        "sample": 0,
        "reference": 0,
        "style": 0
      },
      "relation_types": [
        "DirectlySamples"
      ]
    },
    {
      "id": "song:3064",
      "song_id": 3064,
      "title": "Wandering Without Shelter",
      "genre": "Desert Rock",
      "notable": true,
      "release_year": 2023,
      "single": true,
      "own": false,
      "artist_id": 564,
      "artist_name": "Yan Su",
      "influence": 0,
      "influence_breakdown": {
        "cover": 0,
        "sample": 0,
        "reference": 0,
        "style": 0
      },
      "relation_types": [
        "InStyleOf"
      ]
    }
  ],
  "links": [
    {
      "source": "song:3064",
      "target": "song:13104",
      "type": "InStyleOf"
    },
    {
      "source": "song:10448",
      "target": "song:13423",
      "type": "InStyleOf"
    },
    {
      "source": "song:11117",
      "target": "song:12367",
      "type": "CoverOf"
    },
    {
      "source": "song:563",
      "target": "song:13104",
      "type": "DirectlySamples"
    }
  ]
}