{
  "person_id": 10494,
  "name": "Yan Pan",
  "stage_name": "Corey Knight",
  "nodes": [
    {
      "id": "song:10493",
      "song_id": 10493,
      "title": "Bandages and Courage",
      "genre": "Dream Pop",
      "notable": true,
      "release_year": 2026,
      "single": false,
      "own": true,
      "artist_id": 10494,
      "artist_name": "Yan Pan (Corey Knight)",
      "influence": 5,
      "influence_breakdown": {
        "cover": 1,
        "sample": 0,
        "reference": 0,
        "style": 0
      },
      "relation_types": []
    },
    {
      "id": "song:9165",
      "song_id": 9165,
      "title": "Tracks of Forgotten Journeys",
      "genre": "Synthwave",
      "notable": true,
      "release_year": 2028,
      "single": true,
      "own": false,
      "artist_id": 9166,
      "artist_name": "Xia Zhou",
      "influence": 0,
      "influence_breakdown": {
        "cover": 0,
        "sample": 0,
        "reference": 0,
        "style": 0
      },
      "relation_types": [
        "CoverOf"
      ]
    }
  ],
  "links": [
    {
      "source": "song:9165",
      "target": "song:10493",
      "type": "CoverOf"
    }
  ]
}