{
  "person_id": 10540,
  "name": "Sean Lewis",
  "stage_name": null,
  "nodes": [
    {
      "id": "song:10538",
      "song_id": 10538,
      "title": "Whispers of Your Name",
      "genre": "Synthwave",
      "notable": true,
      "release_year": 2029,
      "single": true,
      "own": true,
      "artist_id": 10540,
      "artist_name": "Sean Lewis",
      "influence": 0,
      "influence_breakdown": {
        "cover": 0,
        "sample": 0,
        "reference": 0,
        "style": 0
      },
      "relation_types": []
    }
  ],
  "links": []
}