{
  "person_id": 10553,
  "name": "Ming Tang",
  "stage_name": null,
  "nodes": [
    {
      "id": "song:10552",
      "song_id": 10552,
      "title": "Whispers of Sorrow",
      "genre": "Space Rock",
      "notable": true,
      "release_year": 2018,
      "single": true,
      "own": true,
      "artist_id": 10553,
      "artist_name": "Ming Tang",
      "influence": 4,
      "influence_breakdown": {
        "cover": 0,
        "sample": 1,
        "reference": 0,
        "style": 0
      },
      "relation_types": []
    },
    {
      "id": "song:10839",
      "song_id": 10839,
      "title": "Shadows of Mariele",
      "genre": "Indie Folk",
      "notable": true,
      "release_year": 2017,
      "single": true,
      "own": true,
      "artist_id": 10553,
      "artist_name": "Ming Tang",
      "influence": 2,
      "influence_breakdown": {
        "cover": 0,
        "sample": 0,
        "reference": 0,
        "style": 1
      },
      "relation_types": []
    },
    {
      "id": "song:6564",
      "song_id": 6564,
      "title": "Dados del Destino (Dice of Destiny)",
      "genre": "Space Rock",
      "notable": true,
      "release_year": 2019,
      "single": true,
      "own": false,
      "artist_id": 6566,
      "artist_name": "Lei Tan",
      "influence": 0,
      "influence_breakdown": {
        "cover": 0,
        "sample": 0,
        "reference": 0,
        "style": 0
      },
      "relation_types": [
        "DirectlySamples"
      ]
    },
    {
      "id": "song:16305",
      "song_id": 16305,
      "title": "Rhythm of Two Hearts",
      "genre": "Indie Folk",
      "notable": true,
      "release_year": 2025,
      "single": true,
      "own": false,
      "artist_id": 16306,
      "artist_name": "Jun Shao",
      "influence": 0,
      "influence_breakdown": {
        "cover": 0,
        "sample": 0,
        "reference": 0,
        "style": 0
      },
      "relation_types": [
        "InStyleOf"
      ]
    }
  ],
  "links": [
    {
      "source": "song:16305",
      "target": "song:10839",
      "type": "InStyleOf"
    },
    {
      "source": "song:6564",
      "target": "song:10552",
      "type": "DirectlySamples"
    }
  ]
}