{
  "person_id": 10578,
  "name": "Yang Mo",
  "stage_name": null,
  "nodes": [
    {
      "id": "song:10576",
      "song_id": 10576,
      "title": "Competing Courtships",
      "genre": "Synthwave",
      "notable": true,
      "release_year": 2011,
      "single": true,
      "own": true,
      "artist_id": 10578,
      "artist_name": "Yang Mo",
      "influence": 0,
      "influence_breakdown": {
        "cover": 0,
        "sample": 0,
        "reference": 0,
        "style": 0
      },
      "relation_types": []
    },
    {
      "id": "song:16038",
      "song_id": 16038,
      "title": "Just One Promise",
      "genre": "Space Rock",
      "notable": true,
      "release_year": 2028,
      "single": true,
      "own": true,
      "artist_id": 10578,
      "artist_name": "Yang Mo",
      "influence": 0,
      "influence_breakdown": {
        "cover": 0,
        "sample": 0,
        "reference": 0,
        "style": 0
      },
      "relation_types": []
    }
  ],
  "links": []
}