{
  "person_id": 10591,
  "name": "Jun Hao",
  "stage_name": null,
  "nodes": [
    {
      "id": "song:10589",
      "song_id": 10589,
      "title": "Branches of Ancestral Memory",
      "genre": "Americana",
      "notable": true,
      "release_year": 2017,
      "single": true,
      "own": true,
      "artist_id": 10591,
      "artist_name": "Jun Hao",
      "influence": 4,
      "influence_breakdown": {
        "cover": 0,
        "sample": 1,
        "reference": 0,
        "style": 0
      },
      "relation_types": []
    },
    {
      "id": "song:15630",
      "song_id": 15630,
      "title": "Beyond the Resolution",
      "genre": "Desert Rock",
      "notable": true,
      "release_year": 2023,
      "single": true,
      "own": false,
      "artist_id": 15631,
      "artist_name": "Susan Jones",
      "influence": 0,
      "influence_breakdown": {
        "cover": 0,
        "sample": 0,
        "reference": 0,
        "style": 0
      },
      "relation_types": [
        "DirectlySamples"
      ]
    }
  ],
  "links": [
    {
      "source": "song:15630",
      "target": "song:10589",
      "type": "DirectlySamples"
    }
  ]
}