{
  "person_id": 10597,
  "name": "William Hansen",
  "stage_name": null,
  "nodes": [
    {
      "id": "song:10596",
      "song_id": 10596,
      "title": "Roots Between Worlds",
      "genre": "Indie Folk",
      "notable": true,
      "release_year": 2013,
      "single": true,
      "own": true,
      "artist_id": 10597,
      "artist_name": "William Hansen",
      "influence": 27,
      "influence_breakdown": {
        "cover": 1,
        "sample": 0,
        "reference": 6,
        "style": 2
      },
      "relation_types": []
    },
    {
      "id": "song:2099",
      "song_id": 2099,
      "title": "Stone Cold Truth",
      "genre": "Doom Metal",
      "notable": true,
      "release_year": 2023,
      "single": true,
      "own": false,
      "artist_id": 2100,
      "artist_name": "Traude Salz",
      "influence": 0,
      "influence_breakdown": {
        "cover": 0,
        "sample": 0,
        "reference": 0,
        "style": 0
      },
      "relation_types": [
        "LyricalReferenceTo"
      ]
    },
    {
      "id": "song:6190",
      "song_id": 6190,
      "title": "Borderline Currents",
      "genre": "Synthwave",
      "notable": true,
      "release_year": 2024,
      "single": true,
      "own": false,
      "artist_id": 2483,
      "artist_name": "Lei Luo",
      "influence": 0,
      "influence_breakdown": {
        "cover": 0,
        "sample": 0,
        "reference": 0,
        "style": 0
      },
      "relation_types": [
        "InterpolatesFrom"
      ]
    },
    {
      "id": "song:8877",
      "song_id": 8877,
      "title": "Falling (In Love) with the Season",
      "genre": "Indie Folk",
      "notable": true,
      "release_year": 2029,
      "single": true,
      "own": false,
      "artist_id": 8878,
      "artist_name": "Lawrence Guzman",
      "influence": 0,
      "influence_breakdown": {
        "cover": 0,
        "sample": 0,
        "reference": 0,
        "style": 0
      },
      "relation_types": [
        "LyricalReferenceTo"
      ]
    },
    {
      "id": "song:8881",
      "song_id": 8881,
      "title": "Shylock's Shadows",
      "genre": "Oceanus Folk",
      "notable": true,
      "release_year": 2020,
      "single": true,
      "own": false,
      "artist_id": 8882,
      "artist_name": "Xiuying Kang",
      "influence": 0,
      "influence_breakdown": {
        "cover": 0,
        "sample": 0,
        "reference": 0,
        "style": 0
      },
      "relation_types": [
        "InStyleOf"
      ]
    },
    {
      "id": "song:9204",
      "song_id": 9204,
      "title": "Spin Cycle Serenade",
      "genre": "Desert Rock",
      "notable": true,
      "release_year": 2028,
      "single": true,
      "own": false,
      "artist_id": 564,
      "artist_name": "Yan Su",
      "influence": 0,
      "influence_breakdown": {
        "cover": 0,
        "sample": 0,
        "reference": 0,
        "style": 0
      },
      "relation_types": [
        "LyricalReferenceTo"
      ]
    },
    {
      "id": "song:9672",
      "song_id": 9672,
      "title": "My First Teacher, My Mother",
      "genre": "Indie Folk",
      "notable": true,
      "release_year": 2032,
      "single": true,
      "own": false,
      "artist_id": 4465,
      "artist_name": "Qiang Song",
      "influence": 0,
      "influence_breakdown": {
        "cover": 0,
        "sample": 0,
        "reference": 0,
        "style": 0
      },
      "relation_types": [
        "CoverOf"
      ]
    },
    {
      "id": "song:9788",
      "song_id": 9788,
      "title": "Illusion Parade",
      "genre": "Synthwave",
      "notable": true,
      "release_year": 2027,
      "single": true,
      "own": false,
      "artist_id": 9789,
      "artist_name": "Pierre David",
      "influence": 0,
      "influence_breakdown": {
        "cover": 0,
        "sample": 0,
        "reference": 0,
        "style": 0
      },
      "relation_types": [
        "InterpolatesFrom"
      ]
    },
    {
      "id": "song:14129",
      "song_id": 14129,
      "title": "Quill and Ink",
      "genre": "Desert Rock",
      "notable": true,
      "release_year": 2025,
      "single": true,
      "own": false,
      "artist_id": 8322,
      "artist_name": "Ming Wan",
      "influence": 0,
      "influence_breakdown": {
        "cover": 0,
        "sample": 0,
        "reference": 0,
        "style": 0
      },
      "relation_types": [
        "InterpolatesFrom"
      ]
    },
    {
      "id": "song:15210",
      "song_id": 15210,
      "title": "Escape Route",
      "genre": "Jazz Surf Rock",
      "notable": true,
      "release_year": 2027,
      "single": true,
      "own": false,
      "artist_id": 5038,
      "artist_name": "Min He",
      "influence": 0,
      "influence_breakdown": {
        "cover": 0,
        "sample": 0,
        "reference": 0,
        "style": 0
      },
      "relation_types": [
        "InStyleOf"
      ]
    }
  ],
  "links": [
    {
      "source": "song:8877",
      "target": "song:10596",
      "type": "LyricalReferenceTo"
    },
    {
      "source": "song:9672",
      "target": "song:10596",
      "type": "CoverOf"
    },
    {
      "source": "song:9204",
      "target": "song:10596",
      "type": "LyricalReferenceTo"
    },
    {
      "source": "song:15210",
      "target": "song:10596",
      "type": "InStyleOf"
    },
    {
      "source": "song:6190",
      "target": "song:10596",
      "type": "InterpolatesFrom"
    },
    {
      "source": "song:14129",
      "target": "song:10596",
      "type": "InterpolatesFrom"
    },
    {
      "source": "song:9788",
      "target": "song:10596",
      "type": "InterpolatesFrom"
    },
    {
      "source": "song:8881",
      "target": "song:10596",
      "type": "InStyleOf"
    },
    {
      "source": "song:2099",
      "target": "song:10596",
      "type": "LyricalReferenceTo"
    }
  ]
}