{
  "person_id": 10619,
  "name": "Kelly Sanders",
  "stage_name": null,
  "nodes": [
    {
      "id": "song:10616",
      "song_id": 10616,
      "title": "Allegro",
      "genre": "Indie Folk",
      "notable": true,
      "release_year": 2013,
      "single": false,
      "own": true,
      "artist_id": 10619,
      "artist_name": "Kelly Sanders",
      "influence": 2,
      "influence_breakdown": {
        "cover": 0,
        "sample": 0,
        "reference": 0,
        "style": 1
      },
      "relation_types": []
    },
    {
      "id": "song:14289",
      "song_id": 14289,
      "title": "William Howard's Weighty Legacy",
      "genre": "Dream Pop",
      "notable": true,
      "release_year": 2023,
      "single": true,
      "own": false,
      "artist_id": 14290,
      "artist_name": "Evie Feenstra",
      "influence": 0,
      "influence_breakdown": {
        "cover": 0,
        "sample": 0,
        "reference": 0,
        "style": 0
      },
      "relation_types": [
        "InStyleOf"
      ]
    }
  ],
  "links": [
    {
      "source": "song:14289",
      "target": "song:10616",
      "type": "InStyleOf"
    }
  ]
}