{
  "person_id": 10627,
  "name": "Gudula Riehl",
  "stage_name": null,
  "nodes": [
    {
      "id": "song:10625",
      "song_id": 10625,
      "title": "Quick Change",
      "genre": "Dream Pop",
      "notable": false,
      "release_year": 2030,
      "single": true,
      "own": true,
      "artist_id": 10627,
      "artist_name": "Gudula Riehl",
      "influence": 0,
      "influence_breakdown": {
        "cover": 0,
        "sample": 0,
        "reference": 0,
        "style": 0
      },
      "relation_types": []
    }
  ],
  "links": []
}