{
  "person_id": 10629,
  "name": "Debra Jones",
  "stage_name": null,
  "nodes": [
    {
      "id": "song:10628",
      "song_id": 10628,
      "title": "Rapid Transit",
      "genre": "Synthpop",
      "notable": true,
      "release_year": 2020,
      "single": true,
      "own": true,
      "artist_id": 10629,
      "artist_name": "Debra Jones",
      "influence": 0,
      "influence_breakdown": {
        "cover": 0,
        "sample": 0,
        "reference": 0,
        "style": 0
      },
      "relation_types": []
    }
  ],
  "links": []
}