{
  "person_id": 1064,
  "name": "Audrey-Suzanne Ribeiro",
  "stage_name": null,
  "nodes": [
    {
      "id": "song:4436",
      "song_id": 4436,
      "title": "Mandarin Memories",
      "genre": "Indie Rock",
      "notable": true,
      "release_year": 2020,
      "single": true,
      "own": true,
      "artist_id": 1064,
      "artist_name": "Audrey-Suzanne Ribeiro",
      "influence": 6,
      "influence_breakdown": {
        "cover": 0,
        "sample": 0,
        "reference": 2,
        "style": 0
      },
      "relation_types": []
    },
    {
      "id": "song:13648",
      "song_id": 13648,
      "title": "Whispers in My Sleep",
      "genre": "Doom Metal",
      "notable": true,
      "release_year": 2027,
      "single": true,
      "own": true,
      "artist_id": 1064,
      "artist_name": "Audrey-Suzanne Ribeiro",
      "influence": 0,
      "influence_breakdown": {
        "cover": 0,
        "sample": 0,
        "reference": 0,
        "style": 0
      },
      "relation_types": []
    },
    {
      "id": "song:4900",
      "song_id": 4900,
      "title": "Raw Palette",
      "genre": "Doom Metal",
      "notable": true,
      "release_year": 2023,
      "single": true,
      "own": false,
      "artist_id": 3504,
      "artist_name": "Zacharie Martins",
      "influence": 0,
      "influence_breakdown": {
        "cover": 0,
        "sample": 0,
        "reference": 0,
        "style": 0
      },
      "relation_types": [
        "LyricalReferenceTo"
      ]
    },
    {
      "id": "song:13648",
      "song_id": 13648,
      "title": "Whispers in My Sleep",
      "genre": "Doom Metal",
      "notable": true,
      "release_year": 2027,
      "single": true,
      "own": true,
      "artist_id": 1064,
      "artist_name": "Audrey-Suzanne Ribeiro",
      "influence": 0,
      "influence_breakdown": {
        "cover": 0,
        "sample": 0,
        "reference": 0,
        "style": 0
      },
      "relation_types": [
        "LyricalReferenceTo"
      ]
    }
  ],
  "links": [
    {
      "source": "song:4900",
      "target": "song:4436",
      "type": "LyricalReferenceTo"
    },
    {
      "source": "song:13648",
      "target": "song:4436",
      "type": "LyricalReferenceTo"
    }
  ]
}