{
  "person_id": 10667,
  "name": "Agnes Stahr",
  "stage_name": null,
  "nodes": [
    {
      "id": "song:10666",
      "song_id": 10666,
      "title": "Velvet Shadows: A Deer's Journey",
      "genre": "Indie Folk",
      "notable": true,
      "release_year": 2020,
      "single": true,
      "own": true,
      "artist_id": 10667,
      "artist_name": "Agnes Stahr",
      "influence": 0,
      "influence_breakdown": {
        "cover": 0,
        "sample": 0,
        "reference": 0,
        "style": 0
      },
      "relation_types": []
    }
  ],
  "links": []
}