{
  "person_id": 10661,
  "name": "Angelina Sölzer",
  "stage_name": null,
  "nodes": [
    {
      "id": "song:15805",
      "song_id": 15805,
      "title": "Peaks of Passion",
      "genre": "Dream Pop",
      "notable": true,
      "release_year": 2028,
      "single": true,
      "own": true,
      "artist_id": 10661,
      "artist_name": "Angelina Sölzer",
      "influence": 5,
      "influence_breakdown": {
        "cover": 1,
        "sample": 0,
        "reference": 0,
        "style": 0
      },
      "relation_types": []
    },
    {
      "id": "song:10659",
      "song_id": 10659,
      "title": "Silent Hooves, Whispering Forest",
      "genre": "Dream Pop",
      "notable": true,
      "release_year": 2025,
      "single": false,
      "own": true,
      "artist_id": 10661,
      "artist_name": "Angelina Sölzer",
      "influence": 16,
      "influence_breakdown": {
        "cover": 2,
        "sample": 0,
        "reference": 2,
        "style": 0
      },
      "relation_types": []
    },
    {
      "id": "song:11184",
      "song_id": 11184,
      "title": "Second String Soul",
      "genre": "Dream Pop",
      "notable": true,
      "release_year": 2028,
      "single": true,
      "own": true,
      "artist_id": 10661,
      "artist_name": "Angelina Sölzer",
      "influence": 5,
      "influence_breakdown": {
        "cover": 1,
        "sample": 0,
        "reference": 0,
        "style": 0
      },
      "relation_types": []
    },
    {
      "id": "song:12043",
      "song_id": 12043,
      "title": "Soft Love's First Light",
      "genre": "Dream Pop",
      "notable": true,
      "release_year": 2023,
      "single": true,
      "own": true,
      "artist_id": 10661,
      "artist_name": "Angelina Sölzer",
      "influence": 20,
      "influence_breakdown": {
        "cover": 0,
        "sample": 1,
        "reference": 4,
        "style": 2
      },
      "relation_types": []
    },
    {
      "id": "song:4332",
      "song_id": 4332,
      "title": "Srdceplane touhou",
      "genre": "Americana",
      "notable": true,
      "release_year": 2028,
      "single": true,
      "own": false,
      "artist_id": 4333,
      "artist_name": "Klara Bisaga",
      "influence": 0,
      "influence_breakdown": {
        "cover": 0,
        "sample": 0,
        "reference": 0,
        "style": 0
      },
      "relation_types": [
        "CoverOf"
      ]
    },
    {
      "id": "song:8604",
      "song_id": 8604,
      "title": "Radiant Silhouette",
      "genre": "Synthwave",
      "notable": true,
      "release_year": 2026,
      "single": true,
      "own": false,
      "artist_id": 1716,
      "artist_name": "Kimberly Snyder ( Slate)",
      "influence": 0,
      "influence_breakdown": {
        "cover": 0,
        "sample": 0,
        "reference": 0,
        "style": 0
      },
      "relation_types": [
        "LyricalReferenceTo"
      ]
    },
    {
      "id": "song:13068",
      "song_id": 13068,
      "title": "Partner or Pretender",
      "genre": "Synthwave",
      "notable": true,
      "release_year": 2023,
      "single": false,
      "own": false,
      "artist_id": 1718,
      "artist_name": "Joshua Herring",
      "influence": 0,
      "influence_breakdown": {
        "cover": 0,
        "sample": 0,
        "reference": 0,
        "style": 0
      },
      "relation_types": [
        "CoverOf",
        "InterpolatesFrom"
      ]
    },
    {
      "id": "song:16963",
      "song_id": 16963,
      "title": "Highway Lights",
      "genre": "Synthwave",
      "notable": false,
      "release_year": 2031,
      "single": false,
      "own": false,
      "artist_id": -1,
      "artist_name": "Unknown Artist",
      "influence": 0,
      "influence_breakdown": {
        "cover": 0,
        "sample": 0,
        "reference": 0,
        "style": 0
      },
      "relation_types": [
        "CoverOf"
      ]
    },
    {
      "id": "song:1915",
      "song_id": 1915,
      "title": "Fragments of Joy",
      "genre": "Synthwave",
      "notable": true,
      "release_year": 2023,
      "single": true,
      "own": false,
      "artist_id": 1718,
      "artist_name": "Joshua Herring",
      "influence": 0,
      "influence_breakdown": {
        "cover": 0,
        "sample": 0,
        "reference": 0,
        "style": 0
      },
      "relation_types": [
        "LyricalReferenceTo"
      ]
    },
    {
      "id": "song:11225",
      "song_id": 11225,
      "title": "Beethoven's Unheard Conversation",
      "genre": "Synthwave",
      "notable": true,
      "release_year": 2024,
      "single": true,
      "own": false,
      "artist_id": 1716,
      "artist_name": "Kimberly Snyder ( Slate)",
      "influence": 0,
      "influence_breakdown": {
        "cover": 0,
        "sample": 0,
        "reference": 0,
        "style": 0
      },
      "relation_types": [
        "InStyleOf"
      ]
    },
    {
      "id": "song:12204",
      "song_id": 12204,
      "title": "Shadows Between Us",
      "genre": "Symphonic Metal",
      "notable": true,
      "release_year": 2024,
      "single": true,
      "own": false,
      "artist_id": 1716,
      "artist_name": "Kimberly Snyder ( Slate)",
      "influence": 0,
      "influence_breakdown": {
        "cover": 0,
        "sample": 0,
        "reference": 0,
        "style": 0
      },
      "relation_types": [
        "InStyleOf"
      ]
    }
  ],
  "links": [
    {
      "source": "song:11184",
      "target": "song:12043",
      "type": "LyricalReferenceTo"
    },
    {
      "source": "song:11225",
      "target": "song:12043",
      "type": "InStyleOf"
    },
    {
      "source": "song:15805",
      "target": "song:11184",
      "type": "CoverOf"
    },
    {
      "source": "song:8604",
      "target": "song:10659",
      "type": "LyricalReferenceTo"
    },
    {
      "source": "song:15805",
      "target": "song:12043",
      "type": "DirectlySamples"
    },
    {
      "source": "song:13068",
      "target": "song:12043",
      "type": "InterpolatesFrom"
    },
    {
      "source": "song:13068",
      "target": "song:10659",
      "type": "CoverOf"
    },
    {
      "source": "song:8604",
      "target": "song:12043",
      "type": "LyricalReferenceTo"
    },
    {
      "source": "song:12204",
      "target": "song:12043",
      "type": "InStyleOf"
    },
    {
      "source": "song:4332",
      "target": "song:15805",
      "type": "CoverOf"
    },
    {
      "source": "song:1915",
      "target": "song:12043",
      "type": "LyricalReferenceTo"
    },
    {
      "source": "song:15805",
      "target": "song:10659",
      "type": "InterpolatesFrom"
    },
    {
      "source": "song:16963",
      "target": "song:10659",
      "type": "CoverOf"
    }
  ]
}