{
  "person_id": 1073,
  "name": "Xiulan Gong",
  "stage_name": null,
  "nodes": [
    {
      "id": "song:1069",
      "song_id": 1069,
      "title": "Behind the Picture Glass",
      "genre": "Synthwave",
      "notable": true,
      "release_year": 2026,
      "single": true,
      "own": true,
      "artist_id": 1073,
      "artist_name": "Xiulan Gong",
      "influence": 2,
      "influence_breakdown": {
        "cover": 0,
        "sample": 0,
        "reference": 0,
        "style": 1
      },
      "relation_types": []
    },
    {
      "id": "song:13260",
      "song_id": 13260,
      "title": "Whispers of Harvest Stillness",
      "genre": "Indie Folk",
      "notable": true,
      "release_year": 2027,
      "single": true,
      "own": true,
      "artist_id": 1073,
      "artist_name": "Xiulan Gong",
      "influence": 3,
      "influence_breakdown": {
        "cover": 0,
        "sample": 0,
        "reference": 1,
        "style": 0
      },
      "relation_types": []
    },
    {
      "id": "song:9090",
      "song_id": 9090,
      "title": "Palms of Passage",
      "genre": "Oceanus Folk",
      "notable": true,
      "release_year": 2028,
      "single": true,
      "own": false,
      "artist_id": 9091,
      "artist_name": "Xiulan Zhou",
      "influence": 0,
      "influence_breakdown": {
        "cover": 0,
        "sample": 0,
        "reference": 0,
        "style": 0
      },
      "relation_types": [
        "InStyleOf"
      ]
    },
    {
      "id": "song:10259",
      "song_id": 10259,
      "title": "Transjordan Twilight",
      "genre": "Jazz Surf Rock",
      "notable": true,
      "release_year": 2028,
      "single": true,
      "own": false,
      "artist_id": 10260,
      "artist_name": "Brent Larsen",
      "influence": 0,
      "influence_breakdown": {
        "cover": 0,
        "sample": 0,
        "reference": 0,
        "style": 0
      },
      "relation_types": [
        "LyricalReferenceTo"
      ]
    }
  ],
  "links": [
    {
      "source": "song:10259",
      "target": "song:13260",
      "type": "LyricalReferenceTo"
    },
    {
      "source": "song:9090",
      "target": "song:1069",
      "type": "InStyleOf"
    }
  ]
}