{
  "person_id": 1074,
  "name": "Jing Cui",
  "stage_name": null,
  "nodes": [
    {
      "id": "song:1069",
      "song_id": 1069,
      "title": "Behind the Picture Glass",
      "genre": "Synthwave",
      "notable": true,
      "release_year": 2026,
      "single": true,
      "own": true,
      "artist_id": 1074,
      "artist_name": "Jing Cui",
      "influence": 2,
      "influence_breakdown": {
        "cover": 0,
        "sample": 0,
        "reference": 0,
        "style": 1
      },
      "relation_types": []
    },
    {
      "id": "song:4801",
      "song_id": 4801,
      "title": "Rhythm Rebellion",
      "genre": "Psychedelic Rock",
      "notable": true,
      "release_year": 2017,
      "single": false,
      "own": true,
      "artist_id": 1074,
      "artist_name": "Jing Cui",
      "influence": 0,
      "influence_breakdown": {
        "cover": 0,
        "sample": 0,
        "reference": 0,
        "style": 0
      },
      "relation_types": []
    },
    {
      "id": "song:5394",
      "song_id": 5394,
      "title": "Echoes of a Road Not Taken",
      "genre": "Americana",
      "notable": true,
      "release_year": 2027,
      "single": true,
      "own": true,
      "artist_id": 1074,
      "artist_name": "Jing Cui",
      "influence": 0,
      "influence_breakdown": {
        "cover": 0,
        "sample": 0,
        "reference": 0,
        "style": 0
      },
      "relation_types": []
    },
    {
      "id": "song:6148",
      "song_id": 6148,
      "title": "Sundown's Sorrow",
      "genre": "Synthpop",
      "notable": true,
      "release_year": 2020,
      "single": true,
      "own": true,
      "artist_id": 1074,
      "artist_name": "Jing Cui",
      "influence": 0,
      "influence_breakdown": {
        "cover": 0,
        "sample": 0,
        "reference": 0,
        "style": 0
      },
      "relation_types": []
    },
    {
      "id": "song:12199",
      "song_id": 12199,
      "title": "Distant Heartstrings",
      "genre": "Doom Metal",
      "notable": true,
      "release_year": 2007,
      "single": true,
      "own": true,
      "artist_id": 1074,
      "artist_name": "Jing Cui",
      "influence": 3,
      "influence_breakdown": {
        "cover": 0,
        "sample": 0,
        "reference": 1,
        "style": 0
      },
      "relation_types": []
    },
    {
      "id": "song:13282",
      "song_id": 13282,
      "title": "Greenback Swagger",
      "genre": "Jazz Surf Rock",
      "notable": true,
      "release_year": 2027,
      "single": true,
      "own": true,
      "artist_id": 1074,
      "artist_name": "Jing Cui",
      "influence": 2,
      "influence_breakdown": {
        "cover": 0,
        "sample": 0,
        "reference": 0,
        "style": 1
      },
      "relation_types": []
    },
    {
      "id": "song:16292",
      "song_id": 16292,
      "title": "Whispers of Goodbye",
      "genre": "Darkwave",
      "notable": true,
      "release_year": 2025,
      "single": false,
      "own": true,
      "artist_id": 1074,
      "artist_name": "Jing Cui",
      "influence": 5,
      "influence_breakdown": {
        "cover": 1,
        "sample": 0,
        "reference": 0,
        "style": 0
      },
      "relation_types": []
    },
    {
      "id": "song:5452",
      "song_id": 5452,
      "title": "Distance Between Hearts",
      "genre": "Doom Metal",
      "notable": true,
      "release_year": 2007,
      "single": true,
      "own": true,
      "artist_id": 1074,
      "artist_name": "Jing Cui",
      "influence": 3,
      "influence_breakdown": {
        "cover": 0,
        "sample": 0,
        "reference": 1,
        "style": 0
      },
      "relation_types": []
    },
    {
      "id": "song:5477",
      "song_id": 5477,
      "title": "Fabric Divides",
      "genre": "Americana",
      "notable": true,
      "release_year": 2026,
      "single": true,
      "own": true,
      "artist_id": 1074,
      "artist_name": "Jing Cui",
      "influence": 0,
      "influence_breakdown": {
        "cover": 0,
        "sample": 0,
        "reference": 0,
        "style": 0
      },
      "relation_types": []
    },
    {
      "id": "song:10861",
      "song_id": 10861,
      "title": "Electric Halo",
      "genre": "Dream Pop",
      "notable": true,
      "release_year": 2029,
      "single": true,
      "own": true,
      "artist_id": 1074,
      "artist_name": "Jing Cui",
      "influence": 0,
      "influence_breakdown": {
        "cover": 0,
        "sample": 0,
        "reference": 0,
        "style": 0
      },
      "relation_types": []
    },
    {
      "id": "song:14136",
      "song_id": 14136,
      "title": "Sonnets of the Heart",
      "genre": "Doom Metal",
      "notable": true,
      "release_year": 2013,
      "single": true,
      "own": true,
      "artist_id": 1074,
      "artist_name": "Jing Cui",
      "influence": 24,
      "influence_breakdown": {
        "cover": 0,
        "sample": 1,
        "reference": 4,
        "style": 4
      },
      "relation_types": []
    },
    {
      "id": "song:14146",
      "song_id": 14146,
      "title": "Armor of Passion",
      "genre": "Jazz Surf Rock",
      "notable": true,
      "release_year": 2028,
      "single": false,
      "own": true,
      "artist_id": 1074,
      "artist_name": "Jing Cui",
      "influence": 0,
      "influence_breakdown": {
        "cover": 0,
        "sample": 0,
        "reference": 0,
        "style": 0
      },
      "relation_types": []
    },
    {
      "id": "song:14293",
      "song_id": 14293,
      "title": "Corner Store Memories",
      "genre": "Americana",
      "notable": true,
      "release_year": 2023,
      "single": false,
      "own": true,
      "artist_id": 1074,
      "artist_name": "Jing Cui",
      "influence": 0,
      "influence_breakdown": {
        "cover": 0,
        "sample": 0,
        "reference": 0,
        "style": 0
      },
      "relation_types": []
    },
    {
      "id": "song:9090",
      "song_id": 9090,
      "title": "Palms of Passage",
      "genre": "Oceanus Folk",
      "notable": true,
      "release_year": 2028,
      "single": true,
      "own": false,
      "artist_id": 9091,
      "artist_name": "Xiulan Zhou",
      "influence": 0,
      "influence_breakdown": {
        "cover": 0,
        "sample": 0,
        "reference": 0,
        "style": 0
      },
      "relation_types": [
        "InStyleOf"
      ]
    },
    {
      "id": "song:6054",
      "song_id": 6054,
      "title": "Colorful Traditions",
      "genre": "Dream Pop",
      "notable": true,
      "release_year": 2026,
      "single": true,
      "own": false,
      "artist_id": 1304,
      "artist_name": "Rüdiger Graf",
      "influence": 0,
      "influence_breakdown": {
        "cover": 0,
        "sample": 0,
        "reference": 0,
        "style": 0
      },
      "relation_types": [
        "InterpolatesFrom"
      ]
    },
    {
      "id": "song:15981",
      "song_id": 15981,
      "title": "Memories in the Rearview",
      "genre": "Jazz Surf Rock",
      "notable": true,
      "release_year": 2029,
      "single": true,
      "own": false,
      "artist_id": 15556,
      "artist_name": "Yong Liu",
      "influence": 0,
      "influence_breakdown": {
        "cover": 0,
        "sample": 0,
        "reference": 0,
        "style": 0
      },
      "relation_types": [
        "InStyleOf"
      ]
    },
    {
      "id": "song:14080",
      "song_id": 14080,
      "title": "Harmonies Under Open Skies",
      "genre": "Dream Pop",
      "notable": true,
      "release_year": 2026,
      "single": true,
      "own": false,
      "artist_id": 1785,
      "artist_name": "Ping Zeng",
      "influence": 0,
      "influence_breakdown": {
        "cover": 0,
        "sample": 0,
        "reference": 0,
        "style": 0
      },
      "relation_types": [
        "CoverOf"
      ]
    },
    {
      "id": "song:14436",
      "song_id": 14436,
      "title": "Whispers Across the Borderline",
      "genre": "Indie Rock",
      "notable": true,
      "release_year": 2017,
      "single": true,
      "own": false,
      "artist_id": 14437,
      "artist_name": "Danielle Moore",
      "influence": 0,
      "influence_breakdown": {
        "cover": 0,
        "sample": 0,
        "reference": 0,
        "style": 0
      },
      "relation_types": [
        "LyricalReferenceTo"
      ]
    },
    {
      "id": "song:563",
      "song_id": 563,
      "title": "Destination You",
      "genre": "Synthwave",
      "notable": true,
      "release_year": 2026,
      "single": true,
      "own": false,
      "artist_id": 564,
      "artist_name": "Yan Su",
      "influence": 0,
      "influence_breakdown": {
        "cover": 0,
        "sample": 0,
        "reference": 0,
        "style": 0
      },
      "relation_types": [
        "InterpolatesFrom"
      ]
    },
    {
      "id": "song:1208",
      "song_id": 1208,
      "title": "Springtime Sonata",
      "genre": "Space Rock",
      "notable": true,
      "release_year": 2028,
      "single": true,
      "own": false,
      "artist_id": 1210,
      "artist_name": "Guiying Duan",
      "influence": 0,
      "influence_breakdown": {
        "cover": 0,
        "sample": 0,
        "reference": 0,
        "style": 0
      },
      "relation_types": [
        "InStyleOf"
      ]
    },
    {
      "id": "song:3064",
      "song_id": 3064,
      "title": "Wandering Without Shelter",
      "genre": "Desert Rock",
      "notable": true,
      "release_year": 2023,
      "single": true,
      "own": false,
      "artist_id": 564,
      "artist_name": "Yan Su",
      "influence": 0,
      "influence_breakdown": {
        "cover": 0,
        "sample": 0,
        "reference": 0,
        "style": 0
      },
      "relation_types": [
        "InStyleOf"
      ]
    },
    {
      "id": "song:3688",
      "song_id": 3688,
      "title": "Distant Farewell",
      "genre": "Doom Metal",
      "notable": true,
      "release_year": 2026,
      "single": true,
      "own": false,
      "artist_id": 540,
      "artist_name": "Rei Ito",
      "influence": 0,
      "influence_breakdown": {
        "cover": 0,
        "sample": 0,
        "reference": 0,
        "style": 0
      },
      "relation_types": [
        "InStyleOf"
      ]
    },
    {
      "id": "song:9267",
      "song_id": 9267,
      "title": "Stepping Towards the Light",
      "genre": "Dream Pop",
      "notable": true,
      "release_year": 2022,
      "single": false,
      "own": false,
      "artist_id": 163,
      "artist_name": "Regina Hesse",
      "influence": 0,
      "influence_breakdown": {
        "cover": 0,
        "sample": 0,
        "reference": 0,
        "style": 0
      },
      "relation_types": [
        "DirectlySamples"
      ]
    },
    {
      "id": "song:10241",
      "song_id": 10241,
      "title": "Keyboard Whispers",
      "genre": "Indie Folk",
      "notable": true,
      "release_year": 2023,
      "single": true,
      "own": false,
      "artist_id": 6223,
      "artist_name": "Li Kong",
      "influence": 0,
      "influence_breakdown": {
        "cover": 0,
        "sample": 0,
        "reference": 0,
        "style": 0
      },
      "relation_types": [
        "InterpolatesFrom"
      ]
    },
    {
      "id": "song:15500",
      "song_id": 15500,
      "title": "Cynical Season",
      "genre": "Synthwave",
      "notable": true,
      "release_year": 2025,
      "single": true,
      "own": false,
      "artist_id": 1219,
      "artist_name": "Yan Cai",
      "influence": 0,
      "influence_breakdown": {
        "cover": 0,
        "sample": 0,
        "reference": 0,
        "style": 0
      },
      "relation_types": [
        "InterpolatesFrom"
      ]
    },
    {
      "id": "song:16217",
      "song_id": 16217,
      "title": "Ruins of the Ancient Port",
      "genre": "Americana",
      "notable": true,
      "release_year": 2020,
      "single": true,
      "own": false,
      "artist_id": 3765,
      "artist_name": "Wei Xiong",
      "influence": 0,
      "influence_breakdown": {
        "cover": 0,
        "sample": 0,
        "reference": 0,
        "style": 0
      },
      "relation_types": [
        "InterpolatesFrom"
      ]
    },
    {
      "id": "song:16665",
      "song_id": 16665,
      "title": "Listen Up!",
      "genre": "Doom Metal",
      "notable": true,
      "release_year": 2017,
      "single": true,
      "own": false,
      "artist_id": 16666,
      "artist_name": "Megan Bridges",
      "influence": 0,
      "influence_breakdown": {
        "cover": 0,
        "sample": 0,
        "reference": 0,
        "style": 0
      },
      "relation_types": [
        "InStyleOf"
      ]
    }
  ],
  "links": [
    {
      "source": "song:3064",
      "target": "song:14136",
      "type": "InStyleOf"
    },
    {
      "source": "song:15981",
      "target": "song:13282",
      "type": "InStyleOf"
    },
    {
      "source": "song:14080",
      "target": "song:16292",
      "type": "CoverOf"
    },
    {
      "source": "song:15500",
      "target": "song:14136",
      "type": "InterpolatesFrom"
    },
    {
      "source": "song:9090",
      "target": "song:1069",
      "type": "InStyleOf"
    },
    {
      "source": "song:14436",
      "target": "song:5452",
      "type": "LyricalReferenceTo"
    },
    {
      "source": "song:1208",
      "target": "song:14136",
      "type": "InStyleOf"
    },
    {
      "source": "song:3688",
      "target": "song:14136",
      "type": "InStyleOf"
    },
    {
      "source": "song:16665",
      "target": "song:14136",
      "type": "InStyleOf"
    },
    {
      "source": "song:10241",
      "target": "song:14136",
      "type": "InterpolatesFrom"
    },
    {
      "source": "song:6054",
      "target": "song:12199",
      "type": "InterpolatesFrom"
    },
    {
      "source": "song:9267",
      "target": "song:14136",
      "type": "DirectlySamples"
    },
    {
      "source": "song:16217",
      "target": "song:14136",
      "type": "InterpolatesFrom"
    },
    {
      "source": "song:563",
      "target": "song:14136",
      "type": "InterpolatesFrom"
    }
  ]
}