{
  "person_id": 10750,
  "name": "Melissa Rivas",
  "stage_name": null,
  "nodes": [
    {
      "id": "song:10747",
      "song_id": 10747,
      "title": "Cheerful Pathways",
      "genre": "Dream Pop",
      "notable": true,
      "release_year": 2019,
      "single": false,
      "own": true,
      "artist_id": 10750,
      "artist_name": "Melissa Rivas",
      "influence": 38,
      "influence_breakdown": {
        "cover": 2,
        "sample": 3,
        "reference": 2,
        "style": 5
      },
      "relation_types": []
    },
    {
      "id": "song:1715",
      "song_id": 1715,
      "title": "Guardian of the Mountain Winds",
      "genre": "Dream Pop",
      "notable": true,
      "release_year": 2029,
      "single": true,
      "own": false,
      "artist_id": 1716,
      "artist_name": "Kimberly Snyder ( Slate)",
      "influence": 0,
      "influence_breakdown": {
        "cover": 0,
        "sample": 0,
        "reference": 0,
        "style": 0
      },
      "relation_types": [
        "DirectlySamples"
      ]
    },
    {
      "id": "song:1915",
      "song_id": 1915,
      "title": "Fragments of Joy",
      "genre": "Synthwave",
      "notable": true,
      "release_year": 2023,
      "single": true,
      "own": false,
      "artist_id": 1718,
      "artist_name": "Joshua Herring",
      "influence": 0,
      "influence_breakdown": {
        "cover": 0,
        "sample": 0,
        "reference": 0,
        "style": 0
      },
      "relation_types": [
        "InterpolatesFrom"
      ]
    },
    {
      "id": "song:8604",
      "song_id": 8604,
      "title": "Radiant Silhouette",
      "genre": "Synthwave",
      "notable": true,
      "release_year": 2026,
      "single": true,
      "own": false,
      "artist_id": 1716,
      "artist_name": "Kimberly Snyder ( Slate)",
      "influence": 0,
      "influence_breakdown": {
        "cover": 0,
        "sample": 0,
        "reference": 0,
        "style": 0
      },
      "relation_types": [
        "DirectlySamples"
      ]
    },
    {
      "id": "song:10342",
      "song_id": 10342,
      "title": "Carols of the Silent Night",
      "genre": "Dream Pop",
      "notable": true,
      "release_year": 2017,
      "single": true,
      "own": false,
      "artist_id": 1716,
      "artist_name": "Kimberly Snyder ( Slate)",
      "influence": 0,
      "influence_breakdown": {
        "cover": 0,
        "sample": 0,
        "reference": 0,
        "style": 0
      },
      "relation_types": [
        "InStyleOf"
      ]
    },
    {
      "id": "song:10855",
      "song_id": 10855,
      "title": "Maria's Obeskrivna Minnen (Maria's Unwritten Memories)",
      "genre": "Dream Pop",
      "notable": true,
      "release_year": 2023,
      "single": true,
      "own": false,
      "artist_id": 1716,
      "artist_name": "Kimberly Snyder ( Slate)",
      "influence": 0,
      "influence_breakdown": {
        "cover": 0,
        "sample": 0,
        "reference": 0,
        "style": 0
      },
      "relation_types": [
        "InStyleOf"
      ]
    },
    {
      "id": "song:11225",
      "song_id": 11225,
      "title": "Beethoven's Unheard Conversation",
      "genre": "Synthwave",
      "notable": true,
      "release_year": 2024,
      "single": true,
      "own": false,
      "artist_id": 1716,
      "artist_name": "Kimberly Snyder ( Slate)",
      "influence": 0,
      "influence_breakdown": {
        "cover": 0,
        "sample": 0,
        "reference": 0,
        "style": 0
      },
      "relation_types": [
        "DirectlySamples"
      ]
    },
    {
      "id": "song:11847",
      "song_id": 11847,
      "title": "Echoes of a Global Generation",
      "genre": "Dream Pop",
      "notable": true,
      "release_year": 2023,
      "single": true,
      "own": false,
      "artist_id": 1716,
      "artist_name": "Kimberly Snyder ( Slate)",
      "influence": 0,
      "influence_breakdown": {
        "cover": 0,
        "sample": 0,
        "reference": 0,
        "style": 0
      },
      "relation_types": [
        "LyricalReferenceTo"
      ]
    },
    {
      "id": "song:12043",
      "song_id": 12043,
      "title": "Soft Love's First Light",
      "genre": "Dream Pop",
      "notable": true,
      "release_year": 2023,
      "single": true,
      "own": false,
      "artist_id": 1716,
      "artist_name": "Kimberly Snyder ( Slate)",
      "influence": 0,
      "influence_breakdown": {
        "cover": 0,
        "sample": 0,
        "reference": 0,
        "style": 0
      },
      "relation_types": [
        "InStyleOf"
      ]
    },
    {
      "id": "song:12204",
      "song_id": 12204,
      "title": "Shadows Between Us",
      "genre": "Symphonic Metal",
      "notable": true,
      "release_year": 2024,
      "single": true,
      "own": false,
      "artist_id": 1716,
      "artist_name": "Kimberly Snyder ( Slate)",
      "influence": 0,
      "influence_breakdown": {
        "cover": 0,
        "sample": 0,
        "reference": 0,
        "style": 0
      },
      "relation_types": [
        "InStyleOf"
      ]
    },
    {
      "id": "song:13068",
      "song_id": 13068,
      "title": "Partner or Pretender",
      "genre": "Synthwave",
      "notable": true,
      "release_year": 2023,
      "single": false,
      "own": false,
      "artist_id": 1718,
      "artist_name": "Joshua Herring",
      "influence": 0,
      "influence_breakdown": {
        "cover": 0,
        "sample": 0,
        "reference": 0,
        "style": 0
      },
      "relation_types": [
        "CoverOf"
      ]
    },
    {
      "id": "song:13302",
      "song_id": 13302,
      "title": "Fair Exchange",
      "genre": "Indie Rock",
      "notable": true,
      "release_year": 2020,
      "single": true,
      "own": false,
      "artist_id": 1716,
      "artist_name": "Kimberly Snyder ( Slate)",
      "influence": 0,
      "influence_breakdown": {
        "cover": 0,
        "sample": 0,
        "reference": 0,
        "style": 0
      },
      "relation_types": [
        "InStyleOf"
      ]
    },
    {
      "id": "song:14057",
      "song_id": 14057,
      "title": "Fragments of a Simple Girl",
      "genre": "Synthwave",
      "notable": true,
      "release_year": 2023,
      "single": true,
      "own": false,
      "artist_id": 1716,
      "artist_name": "Kimberly Snyder ( Slate)",
      "influence": 0,
      "influence_breakdown": {
        "cover": 0,
        "sample": 0,
        "reference": 0,
        "style": 0
      },
      "relation_types": [
        "CoverOf"
      ]
    }
  ],
  "links": [
    {
      "source": "song:10342",
      "target": "song:10747",
      "type": "InStyleOf"
    },
    {
      "source": "song:14057",
      "target": "song:10747",
      "type": "CoverOf"
    },
    {
      "source": "song:12204",
      "target": "song:10747",
      "type": "InStyleOf"
    },
    {
      "source": "song:1915",
      "target": "song:10747",
      "type": "InterpolatesFrom"
    },
    {
      "source": "song:13302",
      "target": "song:10747",
      "type": "InStyleOf"
    },
    {
      "source": "song:8604",
      "target": "song:10747",
      "type": "DirectlySamples"
    },
    {
      "source": "song:13068",
      "target": "song:10747",
      "type": "CoverOf"
    },
    {
      "source": "song:10855",
      "target": "song:10747",
      "type": "InStyleOf"
    },
    {
      "source": "song:11225",
      "target": "song:10747",
      "type": "DirectlySamples"
    },
    {
      "source": "song:1715",
      "target": "song:10747",
      "type": "DirectlySamples"
    },
    {
      "source": "song:12043",
      "target": "song:10747",
      "type": "InStyleOf"
    },
    {
      "source": "song:11847",
      "target": "song:10747",
      "type": "LyricalReferenceTo"
    }
  ]
}