{
  "person_id": 10762,
  "name": "Chao Shi",
  "stage_name": null,
  "nodes": [
    {
      "id": "song:10761",
      "song_id": 10761,
      "title": "Echoes in the Distance",
      "genre": "Symphonic Metal",
      "notable": true,
      "release_year": 2028,
      "single": false,
      "own": true,
      "artist_id": 10762,
      "artist_name": "Chao Shi",
      "influence": 0,
      "influence_breakdown": {
        "cover": 0,
        "sample": 0,
        "reference": 0,
        "style": 0
      },
      "relation_types": []
    },
    {
      "id": "song:14324",
      "song_id": 14324,
      "title": "Chrome and Promises",
      "genre": "Symphonic Metal",
      "notable": true,
      "release_year": 2028,
      "single": true,
      "own": true,
      "artist_id": 10762,
      "artist_name": "Chao Shi",
      "influence": 0,
      "influence_breakdown": {
        "cover": 0,
        "sample": 0,
        "reference": 0,
        "style": 0
      },
      "relation_types": []
    }
  ],
  "links": []
}