{
  "person_id": 10776,
  "name": "Chloë de Gruil",
  "stage_name": null,
  "nodes": [
    {
      "id": "song:10773",
      "song_id": 10773,
      "title": "Grandfather's Weathered Hands",
      "genre": "Indie Folk",
      "notable": true,
      "release_year": 2017,
      "single": true,
      "own": true,
      "artist_id": 10776,
      "artist_name": "Chloë de Gruil",
      "influence": 0,
      "influence_breakdown": {
        "cover": 0,
        "sample": 0,
        "reference": 0,
        "style": 0
      },
      "relation_types": []
    },
    {
      "id": "song:12594",
      "song_id": 12594,
      "title": "Scaffolding of Silence",
      "genre": "Dream Pop",
      "notable": true,
      "release_year": 2003,
      "single": true,
      "own": true,
      "artist_id": 10776,
      "artist_name": "Chloë de Gruil",
      "influence": 7,
      "influence_breakdown": {
        "cover": 0,
        "sample": 1,
        "reference": 1,
        "style": 0
      },
      "relation_types": []
    },
    {
      "id": "song:14289",
      "song_id": 14289,
      "title": "William Howard's Weighty Legacy",
      "genre": "Dream Pop",
      "notable": true,
      "release_year": 2023,
      "single": true,
      "own": true,
      "artist_id": 10776,
      "artist_name": "Chloë de Gruil",
      "influence": 0,
      "influence_breakdown": {
        "cover": 0,
        "sample": 0,
        "reference": 0,
        "style": 0
      },
      "relation_types": []
    },
    {
      "id": "song:10616",
      "song_id": 10616,
      "title": "Allegro",
      "genre": "Indie Folk",
      "notable": true,
      "release_year": 2013,
      "single": false,
      "own": false,
      "artist_id": 5910,
      "artist_name": "Jeanne Guillou",
      "influence": 0,
      "influence_breakdown": {
        "cover": 0,
        "sample": 0,
        "reference": 0,
        "style": 0
      },
      "relation_types": [
        "LyricalReferenceTo"
      ]
    },
    {
      "id": "song:14289",
      "song_id": 14289,
      "title": "William Howard's Weighty Legacy",
      "genre": "Dream Pop",
      "notable": true,
      "release_year": 2023,
      "single": true,
      "own": false,
      "artist_id": 14290,
      "artist_name": "Evie Feenstra",
      "influence": 0,
      "influence_breakdown": {
        "cover": 0,
        "sample": 0,
        "reference": 0,
        "style": 0
      },
      "relation_types": [
        "DirectlySamples"
      ]
    }
  ],
  "links": [
    {
      "source": "song:10616",
      "target": "song:12594",
      "type": "LyricalReferenceTo"
    },
    {
      "source": "song:14289",
      "target": "song:12594",
      "type": "DirectlySamples"
    }
  ]
}