{
  "person_id": 10772,
  "name": "Yang Cao",
  "stage_name": null,
  "nodes": [
    {
      "id": "song:10771",
      "song_id": 10771,
      "title": "Whispers from His Workshop",
      "genre": "Synthwave",
      "notable": true,
      "release_year": 2017,
      "single": false,
      "own": true,
      "artist_id": 10772,
      "artist_name": "Yang Cao",
      "influence": 0,
      "influence_breakdown": {
        "cover": 0,
        "sample": 0,
        "reference": 0,
        "style": 0
      },
      "relation_types": []
    }
  ],
  "links": []
}