{
  "person_id": 10788,
  "name": "Vidur Khatri",
  "stage_name": " Rex VIII",
  "nodes": [
    {
      "id": "song:10787",
      "song_id": 10787,
      "title": "Dirt Road Back Home",
      "genre": "Desert Rock",
      "notable": true,
      "release_year": 2024,
      "single": true,
      "own": true,
      "artist_id": 10788,
      "artist_name": "Vidur Khatri ( Rex VIII)",
      "influence": 0,
      "influence_breakdown": {
        "cover": 0,
        "sample": 0,
        "reference": 0,
        "style": 0
      },
      "relation_types": []
    }
  ],
  "links": []
}