{
  "person_id": 10784,
  "name": "Tao Shao",
  "stage_name": null,
  "nodes": [
    {
      "id": "song:10782",
      "song_id": 10782,
      "title": "Sepia Memories, Fading Light",
      "genre": "Synthwave",
      "notable": true,
      "release_year": 2026,
      "single": true,
      "own": true,
      "artist_id": 10784,
      "artist_name": "Tao Shao",
      "influence": 3,
      "influence_breakdown": {
        "cover": 0,
        "sample": 0,
        "reference": 1,
        "style": 0
      },
      "relation_types": []
    },
    {
      "id": "song:10777",
      "song_id": 10777,
      "title": "Echoes of Forgotten Stories",
      "genre": "Space Rock",
      "notable": true,
      "release_year": 2029,
      "single": true,
      "own": false,
      "artist_id": 10778,
      "artist_name": "Juan Ren (Nate Bishop)",
      "influence": 0,
      "influence_breakdown": {
        "cover": 0,
        "sample": 0,
        "reference": 0,
        "style": 0
      },
      "relation_types": [
        "InterpolatesFrom"
      ]
    }
  ],
  "links": [
    {
      "source": "song:10777",
      "target": "song:10782",
      "type": "InterpolatesFrom"
    }
  ]
}