{
  "person_id": 10796,
  "name": "Tiffany Cain",
  "stage_name": null,
  "nodes": [
    {
      "id": "song:10793",
      "song_id": 10793,
      "title": "Miles From Where I Belong",
      "genre": "Synthwave",
      "notable": false,
      "release_year": 2013,
      "single": true,
      "own": true,
      "artist_id": 10796,
      "artist_name": "Tiffany Cain",
      "influence": 0,
      "influence_breakdown": {
        "cover": 0,
        "sample": 0,
        "reference": 0,
        "style": 0
      },
      "relation_types": []
    }
  ],
  "links": []
}