{
  "person_id": 10798,
  "name": "Valérie Mathieu",
  "stage_name": null,
  "nodes": [
    {
      "id": "song:10793",
      "song_id": 10793,
      "title": "Miles From Where I Belong",
      "genre": "Synthwave",
      "notable": false,
      "release_year": 2013,
      "single": true,
      "own": true,
      "artist_id": 10798,
      "artist_name": "Valérie Mathieu",
      "influence": 0,
      "influence_breakdown": {
        "cover": 0,
        "sample": 0,
        "reference": 0,
        "style": 0
      },
      "relation_types": []
    },
    {
      "id": "song:13591",
      "song_id": 13591,
      "title": "Echoes of a Sylvan Daydream",
      "genre": "Doom Metal",
      "notable": true,
      "release_year": 2010,
      "single": true,
      "own": true,
      "artist_id": 10798,
      "artist_name": "Valérie Mathieu",
      "influence": 2,
      "influence_breakdown": {
        "cover": 0,
        "sample": 0,
        "reference": 0,
        "style": 1
      },
      "relation_types": []
    }
  ],
  "links": [
    {
      "source": "song:10793",
      "target": "song:13591",
      "type": "InStyleOf"
    }
  ]
}