{
  "person_id": 108,
  "name": "Brandon Vasquez",
  "stage_name": null,
  "nodes": [
    {
      "id": "song:6588",
      "song_id": 6588,
      "title": "Closing Time Conscience",
      "genre": "Alternative Rock",
      "notable": true,
      "release_year": 2027,
      "single": false,
      "own": true,
      "artist_id": 108,
      "artist_name": "Brandon Vasquez",
      "influence": 0,
      "influence_breakdown": {
        "cover": 0,
        "sample": 0,
        "reference": 0,
        "style": 0
      },
      "relation_types": []
    },
    {
      "id": "song:106",
      "song_id": 106,
      "title": "Borderless Horizons",
      "genre": "Blues Rock",
      "notable": true,
      "release_year": 2020,
      "single": true,
      "own": true,
      "artist_id": 108,
      "artist_name": "Brandon Vasquez",
      "influence": 7,
      "influence_breakdown": {
        "cover": 0,
        "sample": 1,
        "reference": 1,
        "style": 0
      },
      "relation_types": []
    },
    {
      "id": "song:15443",
      "song_id": 15443,
      "title": "Intertwined: A Dance of Three",
      "genre": "Southern Gothic Rock",
      "notable": true,
      "release_year": 2023,
      "single": true,
      "own": true,
      "artist_id": 108,
      "artist_name": "Brandon Vasquez",
      "influence": 9,
      "influence_breakdown": {
        "cover": 0,
        "sample": 0,
        "reference": 3,
        "style": 0
      },
      "relation_types": []
    },
    {
      "id": "song:15309",
      "song_id": 15309,
      "title": "Sister's Lament",
      "genre": "Alternative Rock",
      "notable": true,
      "release_year": 2026,
      "single": false,
      "own": false,
      "artist_id": 107,
      "artist_name": "Pompeo Turchi",
      "influence": 0,
      "influence_breakdown": {
        "cover": 0,
        "sample": 0,
        "reference": 0,
        "style": 0
      },
      "relation_types": [
        "LyricalReferenceTo"
      ]
    },
    {
      "id": "song:5075",
      "song_id": 5075,
      "title": "Reflection's Embrace",
      "genre": "Blues Rock",
      "notable": true,
      "release_year": 2021,
      "single": true,
      "own": false,
      "artist_id": 5076,
      "artist_name": "Amalia Tartaglia",
      "influence": 0,
      "influence_breakdown": {
        "cover": 0,
        "sample": 0,
        "reference": 0,
        "style": 0
      },
      "relation_types": [
        "LyricalReferenceTo"
      ]
    }
  ],
  "links": [
    {
      "source": "song:15309",
      "target": "song:106",
      "type": "LyricalReferenceTo"
    },
    {
      "source": "song:5075",
      "target": "song:15443",
      "type": "LyricalReferenceTo"
    },
    {
      "source": "song:6588",
      "target": "song:106",
      "type": "DirectlySamples"
    },
    {
      "source": "song:106",
      "target": "song:15443",
      "type": "LyricalReferenceTo"
    },
    {
      "source": "song:6588",
      "target": "song:15443",
      "type": "InterpolatesFrom"
    }
  ]
}