{
  "person_id": 10807,
  "name": "Ping Cheng",
  "stage_name": null,
  "nodes": [
    {
      "id": "song:10806",
      "song_id": 10806,
      "title": "Mechanical Heartbeat",
      "genre": "Jazz Surf Rock",
      "notable": true,
      "release_year": 2027,
      "single": false,
      "own": true,
      "artist_id": 10807,
      "artist_name": "Ping Cheng",
      "influence": 0,
      "influence_breakdown": {
        "cover": 0,
        "sample": 0,
        "reference": 0,
        "style": 0
      },
      "relation_types": []
    }
  ],
  "links": []
}