{
  "person_id": 1081,
  "name": "Ping He",
  "stage_name": null,
  "nodes": [
    {
      "id": "song:2402",
      "song_id": 2402,
      "title": "Unsung Boulevard",
      "genre": "Post-Apocalyptic Folk",
      "notable": true,
      "release_year": 2029,
      "single": false,
      "own": true,
      "artist_id": 1081,
      "artist_name": "Ping He",
      "influence": 0,
      "influence_breakdown": {
        "cover": 0,
        "sample": 0,
        "reference": 0,
        "style": 0
      },
      "relation_types": []
    }
  ],
  "links": []
}